method,solution_id,design,design_family,xi_cap,bench_budget_rule,delta,is_nondominated,is_compromise,xi_score,bench_score,xi_spend,bench_spend,total_spend,formation,captain,vice_captain
Simple average,Simple average | two_stage | fixed_split | xi_cap=55,"Two-stage fixed allocation, XI cap £55m",Two-stage,55.0,fixed_split,,,False,47.20384615384615,20.0,55.0,34.7,89.7,4-5-1,Douglas Luiz Soares de Paulo,Cole Palmer
Simple average,Simple average | two_stage | actual_remainder | xi_cap=55,"Two-stage actual remainder, XI cap £55m",Two-stage,55.0,actual_remainder,,,False,47.20384615384615,20.0,55.0,34.7,89.7,4-5-1,Douglas Luiz Soares de Paulo,Cole Palmer
Simple average,Simple average | two_stage | fixed_split | xi_cap=60,"Two-stage fixed allocation, XI cap £60m",Two-stage,60.0,fixed_split,,,False,52.78076923076923,18.346153846153847,60.00000000000001,26.3,86.30000000000001,3-4-3,Ollie Watkins,Douglas Luiz Soares de Paulo
Simple average,Simple average | two_stage | actual_remainder | xi_cap=60,"Two-stage actual remainder, XI cap £60m",Two-stage,60.0,actual_remainder,,,False,52.78076923076923,18.346153846153847,60.00000000000001,26.3,86.30000000000001,3-4-3,Ollie Watkins,Douglas Luiz Soares de Paulo
Simple average,Simple average | two_stage | fixed_split | xi_cap=65,"Two-stage fixed allocation, XI cap £65m",Two-stage,65.0,fixed_split,,,False,56.300000000000004,18.230769230769234,64.9,33.1,98.0,3-4-3,Ollie Watkins,Bukayo Saka
Simple average,Simple average | two_stage | actual_remainder | xi_cap=65,"Two-stage actual remainder, XI cap £65m",Two-stage,65.0,actual_remainder,,,False,56.300000000000004,18.230769230769234,64.9,33.1,98.0,3-4-3,Ollie Watkins,Bukayo Saka
Simple average,Simple average | two_stage | fixed_split | xi_cap=70,"Two-stage fixed allocation, XI cap £70m",Two-stage,70.0,fixed_split,,,False,59.38,16.576923076923077,70.0,26.800000000000004,96.80000000000001,3-5-2,Ollie Watkins,Bukayo Saka
Simple average,Simple average | two_stage | actual_remainder | xi_cap=70,"Two-stage actual remainder, XI cap £70m",Two-stage,70.0,actual_remainder,,,False,59.38,16.576923076923077,70.0,26.800000000000004,96.80000000000001,3-5-2,Ollie Watkins,Bukayo Saka
Simple average,Simple average | two_stage | fixed_split | xi_cap=75,"Two-stage fixed allocation, XI cap £75m",Two-stage,75.0,fixed_split,,,False,61.14923076923077,15.653846153846153,74.3,24.5,98.8,3-5-2,Ollie Watkins,Bukayo Saka
Simple average,Simple average | two_stage | actual_remainder | xi_cap=75,"Two-stage actual remainder, XI cap £75m",Two-stage,75.0,actual_remainder,,,False,61.14923076923077,15.941538461538462,74.3,25.700000000000003,100.0,3-5-2,Ollie Watkins,Bukayo Saka
Simple average,Simple average | two_stage | fixed_split | xi_cap=80,"Two-stage fixed allocation, XI cap £80m",Two-stage,80.0,fixed_split,,,False,62.18769230769231,14.443076923076923,79.60000000000001,20.0,99.60000000000001,3-5-2,Ollie Watkins,Bukayo Saka
Simple average,Simple average | two_stage | actual_remainder | xi_cap=80,"Two-stage actual remainder, XI cap £80m",Two-stage,80.0,actual_remainder,,,False,62.18769230769231,14.615384615384617,79.60000000000001,20.1,99.70000000000002,3-5-2,Ollie Watkins,Bukayo Saka
Simple average,Simple average | two_stage | fixed_split | xi_cap=83.5,"Two-stage fixed allocation, XI cap £83.5m",Two-stage,83.5,fixed_split,,,False,62.90769230769231,9.956153846153846,83.39999999999999,16.5,99.89999999999999,3-5-2,Ollie Watkins,Bukayo Saka
Simple average,Simple average | two_stage | actual_remainder | xi_cap=83.5,"Two-stage actual remainder, XI cap £83.5m",Two-stage,83.5,actual_remainder,,,False,62.90769230769231,10.326923076923077,83.39999999999999,16.6,100.0,3-5-2,Ollie Watkins,Bukayo Saka
Simple average,Simple average | joint_pareto | delta=0.000,Joint Pareto δ=0.0%,Joint Pareto,,endogenous,0.0,True,False,62.90769230769231,10.326923076923077,83.39999999999999,16.6,100.0,3-5-2,Ollie Watkins,Bukayo Saka
Simple average,Simple average | joint_pareto | delta=0.005,Joint Pareto δ=0.5%,Joint Pareto,,endogenous,0.005,True,False,62.61230769230769,13.886153846153846,81.5,18.4,99.9,3-5-2,Ollie Watkins,Bukayo Saka
Simple average,Simple average | joint_pareto | delta=0.010,Joint Pareto δ=1.0%,Joint Pareto,,endogenous,0.01,True,False,62.298461538461545,14.186153846153847,81.19999999999999,18.7,99.89999999999999,3-5-2,Ollie Watkins,Bukayo Saka
Simple average,Simple average | joint_pareto | delta=0.020,Joint Pareto δ=2.0%,Joint Pareto,,endogenous,0.02,True,True,61.65692307692308,15.384615384615387,78.7,21.1,99.80000000000001,3-5-2,Ollie Watkins,Bukayo Saka
Simple average,Simple average | joint_pareto | delta=0.050,Joint Pareto δ=5.0%,Joint Pareto,,endogenous,0.05,True,False,59.77846153846154,17.312307692307694,76.5,23.499999999999996,100.0,4-5-1,Ollie Watkins,Bukayo Saka
Simple average,Simple average | joint_pareto | delta=0.100,Joint Pareto δ=10.0%,Joint Pareto,,endogenous,0.1,True,False,56.636923076923075,20.453846153846154,72.0,28.0,100.0,5-3-2,Ollie Watkins,Phil Foden
Weighted average,Weighted average | two_stage | fixed_split | xi_cap=55,"Two-stage fixed allocation, XI cap £55m",Two-stage,55.0,fixed_split,,,False,53.48524216524217,21.25925925925926,55.00000000000001,29.799999999999997,84.80000000000001,4-4-2,Cole Palmer,Douglas Luiz Soares de Paulo
Weighted average,Weighted average | two_stage | actual_remainder | xi_cap=55,"Two-stage actual remainder, XI cap £55m",Two-stage,55.0,actual_remainder,,,False,53.48524216524217,21.25925925925926,55.00000000000001,29.799999999999997,84.80000000000001,4-4-2,Cole Palmer,Douglas Luiz Soares de Paulo
Weighted average,Weighted average | two_stage | fixed_split | xi_cap=60,"Two-stage fixed allocation, XI cap £60m",Two-stage,60.0,fixed_split,,,False,58.41515669515669,19.606609686609687,60.0,27.700000000000003,87.7,4-5-1,Bukayo Saka,Cole Palmer
Weighted average,Weighted average | two_stage | actual_remainder | xi_cap=60,"Two-stage actual remainder, XI cap £60m",Two-stage,60.0,actual_remainder,,,False,58.41515669515669,19.606609686609687,60.0,27.700000000000003,87.7,4-5-1,Bukayo Saka,Cole Palmer
Weighted average,Weighted average | two_stage | fixed_split | xi_cap=65,"Two-stage fixed allocation, XI cap £65m",Two-stage,65.0,fixed_split,,,False,62.25811965811966,16.73196581196581,65.0,24.599999999999998,89.6,3-5-2,Bukayo Saka,Ollie Watkins
Weighted average,Weighted average | two_stage | actual_remainder | xi_cap=65,"Two-stage actual remainder, XI cap £65m",Two-stage,65.0,actual_remainder,,,False,62.25811965811966,16.73196581196581,65.0,24.599999999999998,89.6,3-5-2,Bukayo Saka,Ollie Watkins
Weighted average,Weighted average | two_stage | fixed_split | xi_cap=70,"Two-stage fixed allocation, XI cap £70m",Two-stage,70.0,fixed_split,,,False,64.58552706552706,15.809116809116809,68.89999999999999,23.2,92.1,3-5-2,Bukayo Saka,Ollie Watkins
Weighted average,Weighted average | two_stage | actual_remainder | xi_cap=70,"Two-stage actual remainder, XI cap £70m",Two-stage,70.0,actual_remainder,,,False,64.58552706552706,15.809116809116809,68.89999999999999,23.2,92.1,3-5-2,Bukayo Saka,Ollie Watkins
Weighted average,Weighted average | two_stage | fixed_split | xi_cap=75,"Two-stage fixed allocation, XI cap £75m",Two-stage,75.0,fixed_split,,,False,65.36900284900284,15.401709401709402,72.7,23.9,96.6,3-5-2,Bukayo Saka,Ollie Watkins
Weighted average,Weighted average | two_stage | actual_remainder | xi_cap=75,"Two-stage actual remainder, XI cap £75m",Two-stage,75.0,actual_remainder,,,False,65.36900284900284,15.401709401709402,72.7,23.9,96.6,3-5-2,Bukayo Saka,Ollie Watkins
Weighted average,Weighted average | two_stage | fixed_split | xi_cap=80,"Two-stage fixed allocation, XI cap £80m",Two-stage,80.0,fixed_split,,,False,65.57982905982905,15.025641025641026,79.2,19.4,98.6,3-5-2,Bukayo Saka,Ollie Watkins
Weighted average,Weighted average | two_stage | actual_remainder | xi_cap=80,"Two-stage actual remainder, XI cap £80m",Two-stage,80.0,actual_remainder,,,False,65.57982905982905,15.025641025641026,79.2,19.4,98.6,3-5-2,Bukayo Saka,Ollie Watkins
Weighted average,Weighted average | two_stage | fixed_split | xi_cap=83.5,"Two-stage fixed allocation, XI cap £83.5m",Two-stage,83.5,fixed_split,,,False,65.60262108262108,10.88034188034188,80.2,16.5,96.7,3-5-2,Bukayo Saka,Ollie Watkins
Weighted average,Weighted average | two_stage | actual_remainder | xi_cap=83.5,"Two-stage actual remainder, XI cap £83.5m",Two-stage,83.5,actual_remainder,,,False,65.60262108262108,15.025641025641026,80.2,19.4,99.6,3-5-2,Bukayo Saka,Ollie Watkins
Weighted average,Weighted average | joint_pareto | delta=0.000,Joint Pareto δ=0.0%,Joint Pareto,,endogenous,0.0,True,False,65.60262108262108,15.025641025641026,80.2,19.4,99.6,3-5-2,Bukayo Saka,Ollie Watkins
Weighted average,Weighted average | joint_pareto | delta=0.005,Joint Pareto δ=0.5%,Joint Pareto,,endogenous,0.005,True,False,65.27498575498575,15.495726495726496,74.9,21.7,96.60000000000001,3-5-2,Bukayo Saka,Ollie Watkins
Weighted average,Weighted average | joint_pareto | delta=0.010,Joint Pareto δ=1.0%,Joint Pareto,,endogenous,0.01,True,False,64.96159544159543,15.809116809116809,73.39999999999999,23.2,96.6,3-5-2,Bukayo Saka,Ollie Watkins
Weighted average,Weighted average | joint_pareto | delta=0.020,Joint Pareto δ=2.0%,Joint Pareto,,endogenous,0.02,True,False,64.3205698005698,16.45014245014245,71.39999999999999,25.199999999999996,96.6,3-5-2,Bukayo Saka,Ollie Watkins
Weighted average,Weighted average | joint_pareto | delta=0.050,Joint Pareto δ=5.0%,Joint Pareto,,endogenous,0.05,True,True,62.3245584045584,18.446153846153848,72.4,24.2,96.60000000000001,3-4-3,Bukayo Saka,Ollie Watkins
Weighted average,Weighted average | joint_pareto | delta=0.100,Joint Pareto δ=10.0%,Joint Pareto,,endogenous,0.1,True,False,59.05299145299145,21.717720797720794,70.7,25.900000000000002,96.60000000000001,5-4-1,Bukayo Saka,Phil Foden
"ARIMA(0,0,1)","ARIMA(0,0,1) | two_stage | fixed_split | xi_cap=55","Two-stage fixed allocation, XI cap £55m",Two-stage,55.0,fixed_split,,,False,47.51680128036821,18.16968421209245,55.0,26.499999999999996,81.5,3-4-3,Cole Palmer,Anthony Gordon
"ARIMA(0,0,1)","ARIMA(0,0,1) | two_stage | actual_remainder | xi_cap=55","Two-stage actual remainder, XI cap £55m",Two-stage,55.0,actual_remainder,,,False,47.51680128036821,18.16968421209245,55.0,26.499999999999996,81.5,3-4-3,Cole Palmer,Anthony Gordon
"ARIMA(0,0,1)","ARIMA(0,0,1) | two_stage | fixed_split | xi_cap=60","Two-stage fixed allocation, XI cap £60m",Two-stage,60.0,fixed_split,,,False,52.99427170538875,18.16968421209245,60.0,26.499999999999996,86.5,3-4-3,Ollie Watkins,Cole Palmer
"ARIMA(0,0,1)","ARIMA(0,0,1) | two_stage | actual_remainder | xi_cap=60","Two-stage actual remainder, XI cap £60m",Two-stage,60.0,actual_remainder,,,False,52.99427170538875,18.16968421209245,60.0,26.499999999999996,86.5,3-4-3,Ollie Watkins,Cole Palmer
"ARIMA(0,0,1)","ARIMA(0,0,1) | two_stage | fixed_split | xi_cap=65","Two-stage fixed allocation, XI cap £65m",Two-stage,65.0,fixed_split,,,False,56.70421353619789,18.022972232125408,64.8,30.4,95.19999999999999,3-4-3,Bukayo Saka,Ollie Watkins
"ARIMA(0,0,1)","ARIMA(0,0,1) | two_stage | actual_remainder | xi_cap=65","Two-stage actual remainder, XI cap £65m",Two-stage,65.0,actual_remainder,,,False,56.70421353619789,18.022972232125408,64.8,30.4,95.19999999999999,3-4-3,Bukayo Saka,Ollie Watkins
"ARIMA(0,0,1)","ARIMA(0,0,1) | two_stage | fixed_split | xi_cap=70","Two-stage fixed allocation, XI cap £70m",Two-stage,70.0,fixed_split,,,False,59.29451503365866,16.498311080601233,70.0,27.300000000000004,97.30000000000001,3-5-2,Bukayo Saka,Ollie Watkins
"ARIMA(0,0,1)","ARIMA(0,0,1) | two_stage | actual_remainder | xi_cap=70","Two-stage actual remainder, XI cap £70m",Two-stage,70.0,actual_remainder,,,False,59.29451503365866,16.498311080601233,70.0,27.300000000000004,97.30000000000001,3-5-2,Bukayo Saka,Ollie Watkins
"ARIMA(0,0,1)","ARIMA(0,0,1) | two_stage | fixed_split | xi_cap=75","Two-stage fixed allocation, XI cap £75m",Two-stage,75.0,fixed_split,,,False,60.764468531754225,15.850297886969209,75.0,24.900000000000002,99.9,3-4-3,Bukayo Saka,Ollie Watkins
"ARIMA(0,0,1)","ARIMA(0,0,1) | two_stage | actual_remainder | xi_cap=75","Two-stage actual remainder, XI cap £75m",Two-stage,75.0,actual_remainder,,,False,60.764468531754225,15.850297886969209,75.0,24.900000000000002,99.9,3-4-3,Bukayo Saka,Ollie Watkins
"ARIMA(0,0,1)","ARIMA(0,0,1) | two_stage | fixed_split | xi_cap=80","Two-stage fixed allocation, XI cap £80m",Two-stage,80.0,fixed_split,,,False,61.94928185318081,14.692862912409904,79.69999999999999,20.0,99.69999999999999,3-5-2,Bukayo Saka,Ollie Watkins
"ARIMA(0,0,1)","ARIMA(0,0,1) | two_stage | actual_remainder | xi_cap=80","Two-stage actual remainder, XI cap £80m",Two-stage,80.0,actual_remainder,,,False,61.94928185318081,14.969920973619113,79.69999999999999,20.3,99.99999999999999,3-5-2,Bukayo Saka,Ollie Watkins
"ARIMA(0,0,1)","ARIMA(0,0,1) | two_stage | fixed_split | xi_cap=83.5","Two-stage fixed allocation, XI cap £83.5m",Two-stage,83.5,fixed_split,,,False,62.75130687868228,10.595690489175253,83.49999999999999,16.5,99.99999999999999,3-5-2,Bukayo Saka,Ollie Watkins
"ARIMA(0,0,1)","ARIMA(0,0,1) | two_stage | actual_remainder | xi_cap=83.5","Two-stage actual remainder, XI cap £83.5m",Two-stage,83.5,actual_remainder,,,False,62.75130687868228,10.595690489175253,83.49999999999999,16.5,99.99999999999999,3-5-2,Bukayo Saka,Ollie Watkins
"ARIMA(0,0,1)","ARIMA(0,0,1) | joint_pareto | delta=0.000",Joint Pareto δ=0.0%,Joint Pareto,,endogenous,0.0,True,False,63.02194100646938,8.971304961797689,83.79999999999998,16.2,99.99999999999999,3-5-2,Bukayo Saka,Ollie Watkins
"ARIMA(0,0,1)","ARIMA(0,0,1) | joint_pareto | delta=0.005",Joint Pareto δ=0.5%,Joint Pareto,,endogenous,0.005,True,False,62.75130687868228,10.595690489175253,83.49999999999999,16.5,99.99999999999999,3-5-2,Bukayo Saka,Ollie Watkins
"ARIMA(0,0,1)","ARIMA(0,0,1) | joint_pareto | delta=0.010",Joint Pareto δ=1.0%,Joint Pareto,,endogenous,0.01,True,False,62.40256428270682,13.861003287705959,81.3,18.7,100.0,3-5-2,Bukayo Saka,Ollie Watkins
"ARIMA(0,0,1)","ARIMA(0,0,1) | joint_pareto | delta=0.020",Joint Pareto δ=2.0%,Joint Pareto,,endogenous,0.02,True,True,61.855015151672035,15.064187675127883,80.6,19.4,100.0,3-4-3,Bukayo Saka,Ollie Watkins
"ARIMA(0,0,1)","ARIMA(0,0,1) | joint_pareto | delta=0.050",Joint Pareto δ=5.0%,Joint Pareto,,endogenous,0.05,True,False,59.871020845701125,17.048181981098793,77.8,22.2,100.0,4-4-2,Bukayo Saka,Ollie Watkins
"ARIMA(0,0,1)","ARIMA(0,0,1) | joint_pareto | delta=0.100",Joint Pareto δ=10.0%,Joint Pareto,,endogenous,0.1,True,False,56.82035733042551,20.09884549637441,73.9,26.1,100.0,5-4-1,Bukayo Saka,Mohamed Salah
"ARIMA(1,0,0)","ARIMA(1,0,0) | two_stage | fixed_split | xi_cap=55","Two-stage fixed allocation, XI cap £55m",Two-stage,55.0,fixed_split,,,False,49.09890798575171,22.376334303257057,55.00000000000001,40.8,95.80000000000001,5-4-1,Bukayo Saka,Douglas Luiz Soares de Paulo
"ARIMA(1,0,0)","ARIMA(1,0,0) | two_stage | actual_remainder | xi_cap=55","Two-stage actual remainder, XI cap £55m",Two-stage,55.0,actual_remainder,,,False,49.09890798575171,22.376334303257057,55.00000000000001,40.8,95.80000000000001,5-4-1,Bukayo Saka,Douglas Luiz Soares de Paulo
"ARIMA(1,0,0)","ARIMA(1,0,0) | two_stage | fixed_split | xi_cap=60","Two-stage fixed allocation, XI cap £60m",Two-stage,60.0,fixed_split,,,False,54.17153866429541,18.11409049838767,59.800000000000004,26.0,85.80000000000001,3-5-2,Bukayo Saka,Cole Palmer
"ARIMA(1,0,0)","ARIMA(1,0,0) | two_stage | actual_remainder | xi_cap=60","Two-stage actual remainder, XI cap £60m",Two-stage,60.0,actual_remainder,,,False,54.17153866429541,18.11409049838767,59.800000000000004,26.0,85.80000000000001,3-5-2,Bukayo Saka,Cole Palmer
"ARIMA(1,0,0)","ARIMA(1,0,0) | two_stage | fixed_split | xi_cap=65","Two-stage fixed allocation, XI cap £65m",Two-stage,65.0,fixed_split,,,False,57.799470441000935,18.101941228206414,65.0,30.2,95.2,3-4-3,Bukayo Saka,Ollie Watkins
"ARIMA(1,0,0)","ARIMA(1,0,0) | two_stage | actual_remainder | xi_cap=65","Two-stage actual remainder, XI cap £65m",Two-stage,65.0,actual_remainder,,,False,57.799470441000935,18.101941228206414,65.0,30.2,95.2,3-4-3,Bukayo Saka,Ollie Watkins
"ARIMA(1,0,0)","ARIMA(1,0,0) | two_stage | fixed_split | xi_cap=70","Two-stage fixed allocation, XI cap £70m",Two-stage,70.0,fixed_split,,,False,60.1769859428958,16.174988767984207,69.7,29.2,98.9,3-5-2,Bukayo Saka,Ollie Watkins
"ARIMA(1,0,0)","ARIMA(1,0,0) | two_stage | actual_remainder | xi_cap=70","Two-stage actual remainder, XI cap £70m",Two-stage,70.0,actual_remainder,,,False,60.1769859428958,16.53776933833069,69.7,30.299999999999997,100.0,3-5-2,Bukayo Saka,Ollie Watkins
"ARIMA(1,0,0)","ARIMA(1,0,0) | two_stage | fixed_split | xi_cap=75","Two-stage fixed allocation, XI cap £75m",Two-stage,75.0,fixed_split,,,False,61.4339728554266,16.09227108364903,74.89999999999999,25.000000000000004,99.89999999999999,3-4-3,Bukayo Saka,Ollie Watkins
"ARIMA(1,0,0)","ARIMA(1,0,0) | two_stage | actual_remainder | xi_cap=75","Two-stage actual remainder, XI cap £75m",Two-stage,75.0,actual_remainder,,,False,61.4339728554266,16.09227108364903,74.89999999999999,25.000000000000004,99.89999999999999,3-4-3,Bukayo Saka,Ollie Watkins
"ARIMA(1,0,0)","ARIMA(1,0,0) | two_stage | fixed_split | xi_cap=80","Two-stage fixed allocation, XI cap £80m",Two-stage,80.0,fixed_split,,,False,62.65142026382138,14.845934266735968,79.89999999999999,19.8,99.69999999999999,3-5-2,Bukayo Saka,Ollie Watkins
"ARIMA(1,0,0)","ARIMA(1,0,0) | two_stage | actual_remainder | xi_cap=80","Two-stage actual remainder, XI cap £80m",Two-stage,80.0,actual_remainder,,,False,62.65142026382138,14.942780569327713,79.89999999999999,20.1,100.0,3-5-2,Bukayo Saka,Ollie Watkins
"ARIMA(1,0,0)","ARIMA(1,0,0) | two_stage | fixed_split | xi_cap=83.5","Two-stage fixed allocation, XI cap £83.5m",Two-stage,83.5,fixed_split,,,False,63.32948698670174,11.752729070128263,83.39999999999999,16.5,99.89999999999999,3-5-2,Bukayo Saka,Ollie Watkins
"ARIMA(1,0,0)","ARIMA(1,0,0) | two_stage | actual_remainder | xi_cap=83.5","Two-stage actual remainder, XI cap £83.5m",Two-stage,83.5,actual_remainder,,,False,63.32948698670174,12.086707910862549,83.39999999999999,16.6,100.0,3-5-2,Bukayo Saka,Ollie Watkins
"ARIMA(1,0,0)","ARIMA(1,0,0) | joint_pareto | delta=0.000",Joint Pareto δ=0.0%,Joint Pareto,,endogenous,0.0,True,False,63.57823741266316,10.438759735751036,83.69999999999999,16.299999999999997,99.99999999999999,3-5-2,Bukayo Saka,Ollie Watkins
"ARIMA(1,0,0)","ARIMA(1,0,0) | joint_pareto | delta=0.005",Joint Pareto δ=0.5%,Joint Pareto,,endogenous,0.005,True,False,63.32948698670174,12.086707910862549,83.39999999999999,16.6,100.0,3-5-2,Bukayo Saka,Ollie Watkins
"ARIMA(1,0,0)","ARIMA(1,0,0) | joint_pareto | delta=0.010",Joint Pareto δ=1.0%,Joint Pareto,,endogenous,0.01,True,False,62.95155398007206,14.642646853077036,81.3,18.7,100.0,3-5-2,Bukayo Saka,Ollie Watkins
"ARIMA(1,0,0)","ARIMA(1,0,0) | joint_pareto | delta=0.020",Joint Pareto δ=2.0%,Joint Pareto,,endogenous,0.02,True,True,62.309095908989306,15.414246300555272,78.1,21.5,99.6,3-5-2,Bukayo Saka,Ollie Watkins
"ARIMA(1,0,0)","ARIMA(1,0,0) | joint_pareto | delta=0.050",Joint Pareto δ=5.0%,Joint Pareto,,endogenous,0.05,True,False,60.408565508390495,17.340743242845857,76.7,23.1,99.80000000000001,4-3-3,Bukayo Saka,Ollie Watkins
"ARIMA(1,0,0)","ARIMA(1,0,0) | joint_pareto | delta=0.100",Joint Pareto δ=10.0%,Joint Pareto,,endogenous,0.1,True,False,57.22761026290257,20.524070398758667,67.60000000000001,32.4,100.0,5-3-2,Bukayo Saka,Ollie Watkins
"ARIMA(1,0,1)","ARIMA(1,0,1) | two_stage | fixed_split | xi_cap=55","Two-stage fixed allocation, XI cap £55m",Two-stage,55.0,fixed_split,,,False,51.64162620880606,22.496347168696445,55.0,36.0,91.0,5-3-2,Bukayo Saka,Douglas Luiz Soares de Paulo
"ARIMA(1,0,1)","ARIMA(1,0,1) | two_stage | actual_remainder | xi_cap=55","Two-stage actual remainder, XI cap £55m",Two-stage,55.0,actual_remainder,,,False,51.64162620880606,22.496347168696445,55.0,36.0,91.0,5-3-2,Bukayo Saka,Douglas Luiz Soares de Paulo
"ARIMA(1,0,1)","ARIMA(1,0,1) | two_stage | fixed_split | xi_cap=60","Two-stage fixed allocation, XI cap £60m",Two-stage,60.0,fixed_split,,,False,56.62590396366319,18.395698454136987,59.6,26.1,85.7,3-5-2,Bukayo Saka,Cole Palmer
"ARIMA(1,0,1)","ARIMA(1,0,1) | two_stage | actual_remainder | xi_cap=60","Two-stage actual remainder, XI cap £60m",Two-stage,60.0,actual_remainder,,,False,56.62590396366319,18.395698454136987,59.6,26.1,85.7,3-5-2,Bukayo Saka,Cole Palmer
"ARIMA(1,0,1)","ARIMA(1,0,1) | two_stage | fixed_split | xi_cap=65","Two-stage fixed allocation, XI cap £65m",Two-stage,65.0,fixed_split,,,False,59.940014747472354,18.337381866740916,64.80000000000001,30.3,95.10000000000001,3-4-3,Bukayo Saka,Ollie Watkins
"ARIMA(1,0,1)","ARIMA(1,0,1) | two_stage | actual_remainder | xi_cap=65","Two-stage actual remainder, XI cap £65m",Two-stage,65.0,actual_remainder,,,False,59.940014747472354,18.337381866740916,64.80000000000001,30.3,95.10000000000001,3-4-3,Bukayo Saka,Ollie Watkins
"ARIMA(1,0,1)","ARIMA(1,0,1) | two_stage | fixed_split | xi_cap=70","Two-stage fixed allocation, XI cap £70m",Two-stage,70.0,fixed_split,,,False,61.96341251042696,16.800300662909063,69.8,29.799999999999997,99.6,3-5-2,Bukayo Saka,Ollie Watkins
"ARIMA(1,0,1)","ARIMA(1,0,1) | two_stage | actual_remainder | xi_cap=70","Two-stage actual remainder, XI cap £70m",Two-stage,70.0,actual_remainder,,,False,61.96341251042696,16.800300662909063,69.8,29.799999999999997,99.6,3-5-2,Bukayo Saka,Ollie Watkins
"ARIMA(1,0,1)","ARIMA(1,0,1) | two_stage | fixed_split | xi_cap=75","Two-stage fixed allocation, XI cap £75m",Two-stage,75.0,fixed_split,,,False,63.156081606239844,16.49171940410328,75.0,23.900000000000002,98.9,3-5-2,Bukayo Saka,Ollie Watkins
"ARIMA(1,0,1)","ARIMA(1,0,1) | two_stage | actual_remainder | xi_cap=75","Two-stage actual remainder, XI cap £75m",Two-stage,75.0,actual_remainder,,,False,63.156081606239844,16.49171940410328,75.0,23.900000000000002,98.9,3-5-2,Bukayo Saka,Ollie Watkins
"ARIMA(1,0,1)","ARIMA(1,0,1) | two_stage | fixed_split | xi_cap=80","Two-stage fixed allocation, XI cap £80m",Two-stage,80.0,fixed_split,,,False,64.23834986652562,15.470430566087263,79.69999999999999,20.0,99.69999999999999,3-5-2,Bukayo Saka,Ollie Watkins
"ARIMA(1,0,1)","ARIMA(1,0,1) | two_stage | actual_remainder | xi_cap=80","Two-stage actual remainder, XI cap £80m",Two-stage,80.0,actual_remainder,,,False,64.23834986652562,15.470430566087263,79.69999999999999,20.0,99.69999999999999,3-5-2,Bukayo Saka,Ollie Watkins
"ARIMA(1,0,1)","ARIMA(1,0,1) | two_stage | fixed_split | xi_cap=83.5","Two-stage fixed allocation, XI cap £83.5m",Two-stage,83.5,fixed_split,,,False,64.72332019702876,12.32380019692485,82.89999999999999,16.5,99.39999999999999,3-5-2,Bukayo Saka,Ollie Watkins
"ARIMA(1,0,1)","ARIMA(1,0,1) | two_stage | actual_remainder | xi_cap=83.5","Two-stage actual remainder, XI cap £83.5m",Two-stage,83.5,actual_remainder,,,False,64.72332019702876,13.039059224810567,82.89999999999999,17.0,99.89999999999999,3-5-2,Bukayo Saka,Ollie Watkins
"ARIMA(1,0,1)","ARIMA(1,0,1) | joint_pareto | delta=0.000",Joint Pareto δ=0.0%,Joint Pareto,,endogenous,0.0,True,False,64.72332019702876,13.039059224810567,82.89999999999999,17.0,99.89999999999999,3-5-2,Bukayo Saka,Ollie Watkins
"ARIMA(1,0,1)","ARIMA(1,0,1) | joint_pareto | delta=0.005",Joint Pareto δ=0.5%,Joint Pareto,,endogenous,0.005,True,False,64.40409590550297,15.232444714627722,80.7,19.3,100.0,3-5-2,Bukayo Saka,Ollie Watkins
"ARIMA(1,0,1)","ARIMA(1,0,1) | joint_pareto | delta=0.010",Joint Pareto δ=1.0%,Joint Pareto,,endogenous,0.01,True,False,64.11106585875434,15.892961582496309,78.49999999999999,21.5,99.99999999999999,3-5-2,Bukayo Saka,Ollie Watkins
"ARIMA(1,0,1)","ARIMA(1,0,1) | joint_pareto | delta=0.020",Joint Pareto δ=2.0%,Joint Pareto,,endogenous,0.02,True,False,63.42922950713217,16.574797934118482,77.6,22.4,100.0,3-5-2,Bukayo Saka,Ollie Watkins
"ARIMA(1,0,1)","ARIMA(1,0,1) | joint_pareto | delta=0.050",Joint Pareto δ=5.0%,Joint Pareto,,endogenous,0.05,True,True,61.488049506382794,18.515977934867863,73.7,26.3,100.0,3-4-3,Bukayo Saka,Ollie Watkins
"ARIMA(1,0,1)","ARIMA(1,0,1) | joint_pareto | delta=0.100",Joint Pareto δ=10.0%,Joint Pareto,,endogenous,0.1,True,False,58.296903530235625,21.707123911015028,67.80000000000001,32.2,100.00000000000001,5-3-2,Bukayo Saka,Son Heung-min
