model,policy,GW,weekly_points,base_points,captain_bonus,captain_used,planned_absences,autosubs_used,substitute_points,squad_members,planned_xi_members,bench_order,captain,vice_captain,cumulative_points
Full Ridge,static,27,70.0,63.0,7.0,Bukayo Saka,0,0,0.0,Alfie Doughty|Bukayo Saka|Caoimhin Kelleher|Chris Richards|Ederson Santana de Moraes|Erling Haaland|Jakub Kiwior|Jarrod Bowen|Lewis Dunk|Luis Díaz|Ollie Watkins|Pascal Groß|Phil Foden|Rodrigo Muniz Carvalho|Virgil van Dijk,Alfie Doughty|Bukayo Saka|Ederson Santana de Moraes|Erling Haaland|Jarrod Bowen|Lewis Dunk|Luis Díaz|Ollie Watkins|Pascal Groß|Phil Foden|Virgil van Dijk,Rodrigo Muniz Carvalho|Jakub Kiwior|Chris Richards|Caoimhin Kelleher,Bukayo Saka,Phil Foden,70.0
Full Ridge,static,28,36.0,34.0,2.0,Bukayo Saka,0,0,0.0,Alfie Doughty|Bukayo Saka|Caoimhin Kelleher|Chris Richards|Ederson Santana de Moraes|Erling Haaland|Jakub Kiwior|Jarrod Bowen|Lewis Dunk|Luis Díaz|Ollie Watkins|Pascal Groß|Phil Foden|Rodrigo Muniz Carvalho|Virgil van Dijk,Alfie Doughty|Bukayo Saka|Ederson Santana de Moraes|Erling Haaland|Jarrod Bowen|Lewis Dunk|Luis Díaz|Ollie Watkins|Pascal Groß|Phil Foden|Virgil van Dijk,Rodrigo Muniz Carvalho|Jakub Kiwior|Chris Richards|Caoimhin Kelleher,Bukayo Saka,Phil Foden,106.0
Full Ridge,static,29,18.0,18.0,0.0,,8,1,13.0,Alfie Doughty|Bukayo Saka|Caoimhin Kelleher|Chris Richards|Ederson Santana de Moraes|Erling Haaland|Jakub Kiwior|Jarrod Bowen|Lewis Dunk|Luis Díaz|Ollie Watkins|Pascal Groß|Phil Foden|Rodrigo Muniz Carvalho|Virgil van Dijk,Alfie Doughty|Bukayo Saka|Ederson Santana de Moraes|Erling Haaland|Jarrod Bowen|Lewis Dunk|Luis Díaz|Ollie Watkins|Pascal Groß|Phil Foden|Virgil van Dijk,Rodrigo Muniz Carvalho|Jakub Kiwior|Chris Richards|Caoimhin Kelleher,Bukayo Saka,Phil Foden,124.0
Full Ridge,static,30,39.0,36.0,3.0,Bukayo Saka,1,1,2.0,Alfie Doughty|Bukayo Saka|Caoimhin Kelleher|Chris Richards|Ederson Santana de Moraes|Erling Haaland|Jakub Kiwior|Jarrod Bowen|Lewis Dunk|Luis Díaz|Ollie Watkins|Pascal Groß|Phil Foden|Rodrigo Muniz Carvalho|Virgil van Dijk,Alfie Doughty|Bukayo Saka|Ederson Santana de Moraes|Erling Haaland|Jarrod Bowen|Lewis Dunk|Luis Díaz|Ollie Watkins|Pascal Groß|Phil Foden|Virgil van Dijk,Rodrigo Muniz Carvalho|Jakub Kiwior|Chris Richards|Caoimhin Kelleher,Bukayo Saka,Phil Foden,163.0
Full Ridge,static,31,69.0,49.0,20.0,Phil Foden,4,2,5.0,Alfie Doughty|Bukayo Saka|Caoimhin Kelleher|Chris Richards|Ederson Santana de Moraes|Erling Haaland|Jakub Kiwior|Jarrod Bowen|Lewis Dunk|Luis Díaz|Ollie Watkins|Pascal Groß|Phil Foden|Rodrigo Muniz Carvalho|Virgil van Dijk,Alfie Doughty|Bukayo Saka|Ederson Santana de Moraes|Erling Haaland|Jarrod Bowen|Lewis Dunk|Luis Díaz|Ollie Watkins|Pascal Groß|Phil Foden|Virgil van Dijk,Rodrigo Muniz Carvalho|Jakub Kiwior|Chris Richards|Caoimhin Kelleher,Bukayo Saka,Phil Foden,232.0
Full Ridge,static,32,59.0,49.0,10.0,Bukayo Saka,2,2,4.0,Alfie Doughty|Bukayo Saka|Caoimhin Kelleher|Chris Richards|Ederson Santana de Moraes|Erling Haaland|Jakub Kiwior|Jarrod Bowen|Lewis Dunk|Luis Díaz|Ollie Watkins|Pascal Groß|Phil Foden|Rodrigo Muniz Carvalho|Virgil van Dijk,Alfie Doughty|Bukayo Saka|Ederson Santana de Moraes|Erling Haaland|Jarrod Bowen|Lewis Dunk|Luis Díaz|Ollie Watkins|Pascal Groß|Phil Foden|Virgil van Dijk,Rodrigo Muniz Carvalho|Jakub Kiwior|Chris Richards|Caoimhin Kelleher,Bukayo Saka,Phil Foden,291.0
Full Ridge,static,33,35.0,33.0,2.0,Bukayo Saka,2,1,2.0,Alfie Doughty|Bukayo Saka|Caoimhin Kelleher|Chris Richards|Ederson Santana de Moraes|Erling Haaland|Jakub Kiwior|Jarrod Bowen|Lewis Dunk|Luis Díaz|Ollie Watkins|Pascal Groß|Phil Foden|Rodrigo Muniz Carvalho|Virgil van Dijk,Alfie Doughty|Bukayo Saka|Ederson Santana de Moraes|Erling Haaland|Jarrod Bowen|Lewis Dunk|Luis Díaz|Ollie Watkins|Pascal Groß|Phil Foden|Virgil van Dijk,Rodrigo Muniz Carvalho|Jakub Kiwior|Chris Richards|Caoimhin Kelleher,Bukayo Saka,Phil Foden,326.0
Full Ridge,static,34,67.0,58.0,9.0,Bukayo Saka,2,2,11.0,Alfie Doughty|Bukayo Saka|Caoimhin Kelleher|Chris Richards|Ederson Santana de Moraes|Erling Haaland|Jakub Kiwior|Jarrod Bowen|Lewis Dunk|Luis Díaz|Ollie Watkins|Pascal Groß|Phil Foden|Rodrigo Muniz Carvalho|Virgil van Dijk,Alfie Doughty|Bukayo Saka|Ederson Santana de Moraes|Erling Haaland|Jarrod Bowen|Lewis Dunk|Luis Díaz|Ollie Watkins|Pascal Groß|Phil Foden|Virgil van Dijk,Rodrigo Muniz Carvalho|Jakub Kiwior|Chris Richards|Caoimhin Kelleher,Bukayo Saka,Phil Foden,393.0
Full Ridge,static,35,61.0,49.0,12.0,Bukayo Saka,1,1,6.0,Alfie Doughty|Bukayo Saka|Caoimhin Kelleher|Chris Richards|Ederson Santana de Moraes|Erling Haaland|Jakub Kiwior|Jarrod Bowen|Lewis Dunk|Luis Díaz|Ollie Watkins|Pascal Groß|Phil Foden|Rodrigo Muniz Carvalho|Virgil van Dijk,Alfie Doughty|Bukayo Saka|Ederson Santana de Moraes|Erling Haaland|Jarrod Bowen|Lewis Dunk|Luis Díaz|Ollie Watkins|Pascal Groß|Phil Foden|Virgil van Dijk,Rodrigo Muniz Carvalho|Jakub Kiwior|Chris Richards|Caoimhin Kelleher,Bukayo Saka,Phil Foden,454.0
Full Ridge,static,36,66.0,56.0,10.0,Bukayo Saka,0,0,0.0,Alfie Doughty|Bukayo Saka|Caoimhin Kelleher|Chris Richards|Ederson Santana de Moraes|Erling Haaland|Jakub Kiwior|Jarrod Bowen|Lewis Dunk|Luis Díaz|Ollie Watkins|Pascal Groß|Phil Foden|Rodrigo Muniz Carvalho|Virgil van Dijk,Alfie Doughty|Bukayo Saka|Ederson Santana de Moraes|Erling Haaland|Jarrod Bowen|Lewis Dunk|Luis Díaz|Ollie Watkins|Pascal Groß|Phil Foden|Virgil van Dijk,Rodrigo Muniz Carvalho|Jakub Kiwior|Chris Richards|Caoimhin Kelleher,Bukayo Saka,Phil Foden,520.0
Full Ridge,static,37,63.0,61.0,2.0,Bukayo Saka,0,0,0.0,Alfie Doughty|Bukayo Saka|Caoimhin Kelleher|Chris Richards|Ederson Santana de Moraes|Erling Haaland|Jakub Kiwior|Jarrod Bowen|Lewis Dunk|Luis Díaz|Ollie Watkins|Pascal Groß|Phil Foden|Rodrigo Muniz Carvalho|Virgil van Dijk,Alfie Doughty|Bukayo Saka|Ederson Santana de Moraes|Erling Haaland|Jarrod Bowen|Lewis Dunk|Luis Díaz|Ollie Watkins|Pascal Groß|Phil Foden|Virgil van Dijk,Rodrigo Muniz Carvalho|Jakub Kiwior|Chris Richards|Caoimhin Kelleher,Bukayo Saka,Phil Foden,583.0
Full Ridge,static,38,57.0,42.0,15.0,Phil Foden,4,2,7.0,Alfie Doughty|Bukayo Saka|Caoimhin Kelleher|Chris Richards|Ederson Santana de Moraes|Erling Haaland|Jakub Kiwior|Jarrod Bowen|Lewis Dunk|Luis Díaz|Ollie Watkins|Pascal Groß|Phil Foden|Rodrigo Muniz Carvalho|Virgil van Dijk,Alfie Doughty|Bukayo Saka|Ederson Santana de Moraes|Erling Haaland|Jarrod Bowen|Lewis Dunk|Luis Díaz|Ollie Watkins|Pascal Groß|Phil Foden|Virgil van Dijk,Rodrigo Muniz Carvalho|Jakub Kiwior|Chris Richards|Caoimhin Kelleher,Bukayo Saka,Phil Foden,640.0
Full Ridge,sequential,27,70.0,63.0,7.0,Bukayo Saka,0,0,0.0,Alfie Doughty|Bukayo Saka|Caoimhin Kelleher|Chris Richards|Ederson Santana de Moraes|Erling Haaland|Jakub Kiwior|Jarrod Bowen|Lewis Dunk|Luis Díaz|Ollie Watkins|Pascal Groß|Phil Foden|Rodrigo Muniz Carvalho|Virgil van Dijk,Alfie Doughty|Bukayo Saka|Ederson Santana de Moraes|Erling Haaland|Jarrod Bowen|Lewis Dunk|Luis Díaz|Ollie Watkins|Pascal Groß|Phil Foden|Virgil van Dijk,Rodrigo Muniz Carvalho|Jakub Kiwior|Chris Richards|Caoimhin Kelleher,Bukayo Saka,Phil Foden,70.0
Full Ridge,sequential,28,25.0,23.0,2.0,Bukayo Saka,0,0,0.0,Alfie Doughty|Bukayo Saka|Caoimhin Kelleher|Chris Richards|Ederson Santana de Moraes|Erling Haaland|Jakub Kiwior|Jarrod Bowen|Lewis Dunk|Luis Díaz|Ollie Watkins|Pascal Groß|Phil Foden|Rodrigo Muniz Carvalho|Virgil van Dijk,Alfie Doughty|Bukayo Saka|Ederson Santana de Moraes|Erling Haaland|Jakub Kiwior|Jarrod Bowen|Luis Díaz|Ollie Watkins|Phil Foden|Rodrigo Muniz Carvalho|Virgil van Dijk,Pascal Groß|Lewis Dunk|Chris Richards|Caoimhin Kelleher,Bukayo Saka,Phil Foden,95.0
Full Ridge,sequential,29,18.0,18.0,0.0,,8,1,13.0,Alfie Doughty|Bukayo Saka|Caoimhin Kelleher|Chris Richards|Ederson Santana de Moraes|Erling Haaland|Jakub Kiwior|Jarrod Bowen|Lewis Dunk|Luis Díaz|Ollie Watkins|Pascal Groß|Phil Foden|Rodrigo Muniz Carvalho|Virgil van Dijk,Alfie Doughty|Bukayo Saka|Ederson Santana de Moraes|Erling Haaland|Jakub Kiwior|Jarrod Bowen|Lewis Dunk|Luis Díaz|Ollie Watkins|Pascal Groß|Phil Foden,Rodrigo Muniz Carvalho|Virgil van Dijk|Chris Richards|Caoimhin Kelleher,Bukayo Saka,Phil Foden,113.0
Full Ridge,sequential,30,40.0,37.0,3.0,Bukayo Saka,1,1,2.0,Alfie Doughty|Bukayo Saka|Caoimhin Kelleher|Chris Richards|Ederson Santana de Moraes|Erling Haaland|Jakub Kiwior|Jarrod Bowen|Lewis Dunk|Luis Díaz|Ollie Watkins|Pascal Groß|Phil Foden|Rodrigo Muniz Carvalho|Virgil van Dijk,Alfie Doughty|Bukayo Saka|Ederson Santana de Moraes|Erling Haaland|Jakub Kiwior|Lewis Dunk|Luis Díaz|Ollie Watkins|Pascal Groß|Phil Foden|Rodrigo Muniz Carvalho,Jarrod Bowen|Virgil van Dijk|Chris Richards|Caoimhin Kelleher,Bukayo Saka,Phil Foden,153.0
Full Ridge,sequential,31,69.0,49.0,20.0,Phil Foden,4,2,5.0,Alfie Doughty|Bukayo Saka|Caoimhin Kelleher|Chris Richards|Ederson Santana de Moraes|Erling Haaland|Jakub Kiwior|Jarrod Bowen|Lewis Dunk|Luis Díaz|Ollie Watkins|Pascal Groß|Phil Foden|Rodrigo Muniz Carvalho|Virgil van Dijk,Alfie Doughty|Bukayo Saka|Caoimhin Kelleher|Erling Haaland|Jakub Kiwior|Jarrod Bowen|Lewis Dunk|Luis Díaz|Ollie Watkins|Phil Foden|Rodrigo Muniz Carvalho,Pascal Groß|Virgil van Dijk|Chris Richards|Ederson Santana de Moraes,Bukayo Saka,Phil Foden,222.0
Full Ridge,sequential,32,59.0,49.0,10.0,Bukayo Saka,1,1,13.0,Alfie Doughty|Bukayo Saka|Caoimhin Kelleher|Chris Richards|Ederson Santana de Moraes|Erling Haaland|Jakub Kiwior|Jarrod Bowen|Lewis Dunk|Luis Díaz|Ollie Watkins|Pascal Groß|Phil Foden|Rodrigo Muniz Carvalho|Virgil van Dijk,Alfie Doughty|Bukayo Saka|Caoimhin Kelleher|Erling Haaland|Jarrod Bowen|Lewis Dunk|Luis Díaz|Pascal Groß|Phil Foden|Rodrigo Muniz Carvalho|Virgil van Dijk,Ollie Watkins|Jakub Kiwior|Chris Richards|Ederson Santana de Moraes,Bukayo Saka,Phil Foden,281.0
Full Ridge,sequential,33,35.0,33.0,2.0,Bukayo Saka,3,2,5.0,Alfie Doughty|Bukayo Saka|Caoimhin Kelleher|Chris Richards|Ederson Santana de Moraes|Erling Haaland|Jakub Kiwior|Jarrod Bowen|Lewis Dunk|Luis Díaz|Ollie Watkins|Pascal Groß|Phil Foden|Rodrigo Muniz Carvalho|Virgil van Dijk,Alfie Doughty|Bukayo Saka|Caoimhin Kelleher|Erling Haaland|Jarrod Bowen|Lewis Dunk|Luis Díaz|Ollie Watkins|Phil Foden|Rodrigo Muniz Carvalho|Virgil van Dijk,Pascal Groß|Jakub Kiwior|Chris Richards|Ederson Santana de Moraes,Bukayo Saka,Phil Foden,316.0
Full Ridge,sequential,34,67.0,58.0,9.0,Bukayo Saka,2,2,13.0,Alfie Doughty|Bukayo Saka|Caoimhin Kelleher|Chris Richards|Ederson Santana de Moraes|Erling Haaland|Jakub Kiwior|Jarrod Bowen|Lewis Dunk|Luis Díaz|Ollie Watkins|Pascal Groß|Phil Foden|Rodrigo Muniz Carvalho|Virgil van Dijk,Alfie Doughty|Bukayo Saka|Caoimhin Kelleher|Erling Haaland|Lewis Dunk|Luis Díaz|Ollie Watkins|Pascal Groß|Phil Foden|Rodrigo Muniz Carvalho|Virgil van Dijk,Jarrod Bowen|Jakub Kiwior|Chris Richards|Ederson Santana de Moraes,Bukayo Saka,Phil Foden,383.0
Full Ridge,sequential,35,62.0,50.0,12.0,Bukayo Saka,1,1,13.0,Alfie Doughty|Bukayo Saka|Caoimhin Kelleher|Chris Richards|Ederson Santana de Moraes|Erling Haaland|Jakub Kiwior|Jarrod Bowen|Lewis Dunk|Luis Díaz|Ollie Watkins|Pascal Groß|Phil Foden|Rodrigo Muniz Carvalho|Virgil van Dijk,Bukayo Saka|Chris Richards|Ederson Santana de Moraes|Erling Haaland|Lewis Dunk|Luis Díaz|Ollie Watkins|Pascal Groß|Phil Foden|Rodrigo Muniz Carvalho|Virgil van Dijk,Jarrod Bowen|Alfie Doughty|Jakub Kiwior|Caoimhin Kelleher,Bukayo Saka,Phil Foden,445.0
Full Ridge,sequential,36,75.0,65.0,10.0,Bukayo Saka,0,0,0.0,Alfie Doughty|Bukayo Saka|Caoimhin Kelleher|Chris Richards|Ederson Santana de Moraes|Erling Haaland|Jakub Kiwior|Jarrod Bowen|Lewis Dunk|Luis Díaz|Ollie Watkins|Pascal Groß|Phil Foden|Rodrigo Muniz Carvalho|Virgil van Dijk,Bukayo Saka|Chris Richards|Ederson Santana de Moraes|Erling Haaland|Jarrod Bowen|Lewis Dunk|Luis Díaz|Ollie Watkins|Phil Foden|Rodrigo Muniz Carvalho|Virgil van Dijk,Pascal Groß|Alfie Doughty|Jakub Kiwior|Caoimhin Kelleher,Bukayo Saka,Phil Foden,520.0
Full Ridge,sequential,37,62.0,60.0,2.0,Bukayo Saka,0,0,0.0,Alfie Doughty|Bukayo Saka|Caoimhin Kelleher|Chris Richards|Ederson Santana de Moraes|Erling Haaland|Jakub Kiwior|Jarrod Bowen|Lewis Dunk|Luis Díaz|Ollie Watkins|Pascal Groß|Phil Foden|Rodrigo Muniz Carvalho|Virgil van Dijk,Alfie Doughty|Bukayo Saka|Chris Richards|Ederson Santana de Moraes|Erling Haaland|Jarrod Bowen|Lewis Dunk|Luis Díaz|Ollie Watkins|Phil Foden|Rodrigo Muniz Carvalho,Pascal Groß|Virgil van Dijk|Jakub Kiwior|Caoimhin Kelleher,Bukayo Saka,Phil Foden,582.0
Full Ridge,sequential,38,57.0,42.0,15.0,Phil Foden,4,2,7.0,Alfie Doughty|Bukayo Saka|Caoimhin Kelleher|Chris Richards|Ederson Santana de Moraes|Erling Haaland|Jakub Kiwior|Jarrod Bowen|Lewis Dunk|Luis Díaz|Ollie Watkins|Pascal Groß|Phil Foden|Rodrigo Muniz Carvalho|Virgil van Dijk,Alfie Doughty|Bukayo Saka|Chris Richards|Ederson Santana de Moraes|Erling Haaland|Jarrod Bowen|Lewis Dunk|Luis Díaz|Ollie Watkins|Pascal Groß|Phil Foden,Rodrigo Muniz Carvalho|Virgil van Dijk|Jakub Kiwior|Caoimhin Kelleher,Bukayo Saka,Phil Foden,639.0
Reduced Ridge,static,27,70.0,63.0,7.0,Bukayo Saka,0,0,0.0,Alfie Doughty|Bukayo Saka|Caoimhin Kelleher|Chris Richards|Ederson Santana de Moraes|Erling Haaland|Jakub Kiwior|Jarrod Bowen|Lewis Dunk|Luis Díaz|Ollie Watkins|Pascal Groß|Phil Foden|Rodrigo Muniz Carvalho|Virgil van Dijk,Alfie Doughty|Bukayo Saka|Ederson Santana de Moraes|Erling Haaland|Jarrod Bowen|Lewis Dunk|Luis Díaz|Ollie Watkins|Pascal Groß|Phil Foden|Virgil van Dijk,Rodrigo Muniz Carvalho|Jakub Kiwior|Chris Richards|Caoimhin Kelleher,Bukayo Saka,Phil Foden,70.0
Reduced Ridge,static,28,36.0,34.0,2.0,Bukayo Saka,0,0,0.0,Alfie Doughty|Bukayo Saka|Caoimhin Kelleher|Chris Richards|Ederson Santana de Moraes|Erling Haaland|Jakub Kiwior|Jarrod Bowen|Lewis Dunk|Luis Díaz|Ollie Watkins|Pascal Groß|Phil Foden|Rodrigo Muniz Carvalho|Virgil van Dijk,Alfie Doughty|Bukayo Saka|Ederson Santana de Moraes|Erling Haaland|Jarrod Bowen|Lewis Dunk|Luis Díaz|Ollie Watkins|Pascal Groß|Phil Foden|Virgil van Dijk,Rodrigo Muniz Carvalho|Jakub Kiwior|Chris Richards|Caoimhin Kelleher,Bukayo Saka,Phil Foden,106.0
Reduced Ridge,static,29,18.0,18.0,0.0,,8,1,13.0,Alfie Doughty|Bukayo Saka|Caoimhin Kelleher|Chris Richards|Ederson Santana de Moraes|Erling Haaland|Jakub Kiwior|Jarrod Bowen|Lewis Dunk|Luis Díaz|Ollie Watkins|Pascal Groß|Phil Foden|Rodrigo Muniz Carvalho|Virgil van Dijk,Alfie Doughty|Bukayo Saka|Ederson Santana de Moraes|Erling Haaland|Jarrod Bowen|Lewis Dunk|Luis Díaz|Ollie Watkins|Pascal Groß|Phil Foden|Virgil van Dijk,Rodrigo Muniz Carvalho|Jakub Kiwior|Chris Richards|Caoimhin Kelleher,Bukayo Saka,Phil Foden,124.0
Reduced Ridge,static,30,39.0,36.0,3.0,Bukayo Saka,1,1,2.0,Alfie Doughty|Bukayo Saka|Caoimhin Kelleher|Chris Richards|Ederson Santana de Moraes|Erling Haaland|Jakub Kiwior|Jarrod Bowen|Lewis Dunk|Luis Díaz|Ollie Watkins|Pascal Groß|Phil Foden|Rodrigo Muniz Carvalho|Virgil van Dijk,Alfie Doughty|Bukayo Saka|Ederson Santana de Moraes|Erling Haaland|Jarrod Bowen|Lewis Dunk|Luis Díaz|Ollie Watkins|Pascal Groß|Phil Foden|Virgil van Dijk,Rodrigo Muniz Carvalho|Jakub Kiwior|Chris Richards|Caoimhin Kelleher,Bukayo Saka,Phil Foden,163.0
Reduced Ridge,static,31,69.0,49.0,20.0,Phil Foden,4,2,5.0,Alfie Doughty|Bukayo Saka|Caoimhin Kelleher|Chris Richards|Ederson Santana de Moraes|Erling Haaland|Jakub Kiwior|Jarrod Bowen|Lewis Dunk|Luis Díaz|Ollie Watkins|Pascal Groß|Phil Foden|Rodrigo Muniz Carvalho|Virgil van Dijk,Alfie Doughty|Bukayo Saka|Ederson Santana de Moraes|Erling Haaland|Jarrod Bowen|Lewis Dunk|Luis Díaz|Ollie Watkins|Pascal Groß|Phil Foden|Virgil van Dijk,Rodrigo Muniz Carvalho|Jakub Kiwior|Chris Richards|Caoimhin Kelleher,Bukayo Saka,Phil Foden,232.0
Reduced Ridge,static,32,59.0,49.0,10.0,Bukayo Saka,2,2,4.0,Alfie Doughty|Bukayo Saka|Caoimhin Kelleher|Chris Richards|Ederson Santana de Moraes|Erling Haaland|Jakub Kiwior|Jarrod Bowen|Lewis Dunk|Luis Díaz|Ollie Watkins|Pascal Groß|Phil Foden|Rodrigo Muniz Carvalho|Virgil van Dijk,Alfie Doughty|Bukayo Saka|Ederson Santana de Moraes|Erling Haaland|Jarrod Bowen|Lewis Dunk|Luis Díaz|Ollie Watkins|Pascal Groß|Phil Foden|Virgil van Dijk,Rodrigo Muniz Carvalho|Jakub Kiwior|Chris Richards|Caoimhin Kelleher,Bukayo Saka,Phil Foden,291.0
Reduced Ridge,static,33,35.0,33.0,2.0,Bukayo Saka,2,1,2.0,Alfie Doughty|Bukayo Saka|Caoimhin Kelleher|Chris Richards|Ederson Santana de Moraes|Erling Haaland|Jakub Kiwior|Jarrod Bowen|Lewis Dunk|Luis Díaz|Ollie Watkins|Pascal Groß|Phil Foden|Rodrigo Muniz Carvalho|Virgil van Dijk,Alfie Doughty|Bukayo Saka|Ederson Santana de Moraes|Erling Haaland|Jarrod Bowen|Lewis Dunk|Luis Díaz|Ollie Watkins|Pascal Groß|Phil Foden|Virgil van Dijk,Rodrigo Muniz Carvalho|Jakub Kiwior|Chris Richards|Caoimhin Kelleher,Bukayo Saka,Phil Foden,326.0
Reduced Ridge,static,34,67.0,58.0,9.0,Bukayo Saka,2,2,11.0,Alfie Doughty|Bukayo Saka|Caoimhin Kelleher|Chris Richards|Ederson Santana de Moraes|Erling Haaland|Jakub Kiwior|Jarrod Bowen|Lewis Dunk|Luis Díaz|Ollie Watkins|Pascal Groß|Phil Foden|Rodrigo Muniz Carvalho|Virgil van Dijk,Alfie Doughty|Bukayo Saka|Ederson Santana de Moraes|Erling Haaland|Jarrod Bowen|Lewis Dunk|Luis Díaz|Ollie Watkins|Pascal Groß|Phil Foden|Virgil van Dijk,Rodrigo Muniz Carvalho|Jakub Kiwior|Chris Richards|Caoimhin Kelleher,Bukayo Saka,Phil Foden,393.0
Reduced Ridge,static,35,61.0,49.0,12.0,Bukayo Saka,1,1,6.0,Alfie Doughty|Bukayo Saka|Caoimhin Kelleher|Chris Richards|Ederson Santana de Moraes|Erling Haaland|Jakub Kiwior|Jarrod Bowen|Lewis Dunk|Luis Díaz|Ollie Watkins|Pascal Groß|Phil Foden|Rodrigo Muniz Carvalho|Virgil van Dijk,Alfie Doughty|Bukayo Saka|Ederson Santana de Moraes|Erling Haaland|Jarrod Bowen|Lewis Dunk|Luis Díaz|Ollie Watkins|Pascal Groß|Phil Foden|Virgil van Dijk,Rodrigo Muniz Carvalho|Jakub Kiwior|Chris Richards|Caoimhin Kelleher,Bukayo Saka,Phil Foden,454.0
Reduced Ridge,static,36,66.0,56.0,10.0,Bukayo Saka,0,0,0.0,Alfie Doughty|Bukayo Saka|Caoimhin Kelleher|Chris Richards|Ederson Santana de Moraes|Erling Haaland|Jakub Kiwior|Jarrod Bowen|Lewis Dunk|Luis Díaz|Ollie Watkins|Pascal Groß|Phil Foden|Rodrigo Muniz Carvalho|Virgil van Dijk,Alfie Doughty|Bukayo Saka|Ederson Santana de Moraes|Erling Haaland|Jarrod Bowen|Lewis Dunk|Luis Díaz|Ollie Watkins|Pascal Groß|Phil Foden|Virgil van Dijk,Rodrigo Muniz Carvalho|Jakub Kiwior|Chris Richards|Caoimhin Kelleher,Bukayo Saka,Phil Foden,520.0
Reduced Ridge,static,37,63.0,61.0,2.0,Bukayo Saka,0,0,0.0,Alfie Doughty|Bukayo Saka|Caoimhin Kelleher|Chris Richards|Ederson Santana de Moraes|Erling Haaland|Jakub Kiwior|Jarrod Bowen|Lewis Dunk|Luis Díaz|Ollie Watkins|Pascal Groß|Phil Foden|Rodrigo Muniz Carvalho|Virgil van Dijk,Alfie Doughty|Bukayo Saka|Ederson Santana de Moraes|Erling Haaland|Jarrod Bowen|Lewis Dunk|Luis Díaz|Ollie Watkins|Pascal Groß|Phil Foden|Virgil van Dijk,Rodrigo Muniz Carvalho|Jakub Kiwior|Chris Richards|Caoimhin Kelleher,Bukayo Saka,Phil Foden,583.0
Reduced Ridge,static,38,57.0,42.0,15.0,Phil Foden,4,2,7.0,Alfie Doughty|Bukayo Saka|Caoimhin Kelleher|Chris Richards|Ederson Santana de Moraes|Erling Haaland|Jakub Kiwior|Jarrod Bowen|Lewis Dunk|Luis Díaz|Ollie Watkins|Pascal Groß|Phil Foden|Rodrigo Muniz Carvalho|Virgil van Dijk,Alfie Doughty|Bukayo Saka|Ederson Santana de Moraes|Erling Haaland|Jarrod Bowen|Lewis Dunk|Luis Díaz|Ollie Watkins|Pascal Groß|Phil Foden|Virgil van Dijk,Rodrigo Muniz Carvalho|Jakub Kiwior|Chris Richards|Caoimhin Kelleher,Bukayo Saka,Phil Foden,640.0
Reduced Ridge,sequential,27,70.0,63.0,7.0,Bukayo Saka,0,0,0.0,Alfie Doughty|Bukayo Saka|Caoimhin Kelleher|Chris Richards|Ederson Santana de Moraes|Erling Haaland|Jakub Kiwior|Jarrod Bowen|Lewis Dunk|Luis Díaz|Ollie Watkins|Pascal Groß|Phil Foden|Rodrigo Muniz Carvalho|Virgil van Dijk,Alfie Doughty|Bukayo Saka|Ederson Santana de Moraes|Erling Haaland|Jarrod Bowen|Lewis Dunk|Luis Díaz|Ollie Watkins|Pascal Groß|Phil Foden|Virgil van Dijk,Rodrigo Muniz Carvalho|Jakub Kiwior|Chris Richards|Caoimhin Kelleher,Bukayo Saka,Phil Foden,70.0
Reduced Ridge,sequential,28,25.0,23.0,2.0,Bukayo Saka,0,0,0.0,Alfie Doughty|Bukayo Saka|Caoimhin Kelleher|Chris Richards|Ederson Santana de Moraes|Erling Haaland|Jakub Kiwior|Jarrod Bowen|Lewis Dunk|Luis Díaz|Ollie Watkins|Pascal Groß|Phil Foden|Rodrigo Muniz Carvalho|Virgil van Dijk,Alfie Doughty|Bukayo Saka|Ederson Santana de Moraes|Erling Haaland|Jakub Kiwior|Jarrod Bowen|Luis Díaz|Ollie Watkins|Phil Foden|Rodrigo Muniz Carvalho|Virgil van Dijk,Pascal Groß|Lewis Dunk|Chris Richards|Caoimhin Kelleher,Bukayo Saka,Phil Foden,95.0
Reduced Ridge,sequential,29,18.0,18.0,0.0,,8,1,13.0,Alfie Doughty|Bukayo Saka|Caoimhin Kelleher|Chris Richards|Ederson Santana de Moraes|Erling Haaland|Jakub Kiwior|Jarrod Bowen|Lewis Dunk|Luis Díaz|Ollie Watkins|Pascal Groß|Phil Foden|Rodrigo Muniz Carvalho|Virgil van Dijk,Alfie Doughty|Bukayo Saka|Ederson Santana de Moraes|Erling Haaland|Jakub Kiwior|Jarrod Bowen|Lewis Dunk|Luis Díaz|Ollie Watkins|Pascal Groß|Phil Foden,Rodrigo Muniz Carvalho|Virgil van Dijk|Chris Richards|Caoimhin Kelleher,Bukayo Saka,Phil Foden,113.0
Reduced Ridge,sequential,30,40.0,37.0,3.0,Bukayo Saka,1,1,2.0,Alfie Doughty|Bukayo Saka|Caoimhin Kelleher|Chris Richards|Ederson Santana de Moraes|Erling Haaland|Jakub Kiwior|Jarrod Bowen|Lewis Dunk|Luis Díaz|Ollie Watkins|Pascal Groß|Phil Foden|Rodrigo Muniz Carvalho|Virgil van Dijk,Alfie Doughty|Bukayo Saka|Ederson Santana de Moraes|Erling Haaland|Jakub Kiwior|Lewis Dunk|Luis Díaz|Ollie Watkins|Pascal Groß|Phil Foden|Rodrigo Muniz Carvalho,Jarrod Bowen|Virgil van Dijk|Chris Richards|Caoimhin Kelleher,Bukayo Saka,Phil Foden,153.0
Reduced Ridge,sequential,31,69.0,49.0,20.0,Phil Foden,4,2,5.0,Alfie Doughty|Bukayo Saka|Caoimhin Kelleher|Chris Richards|Ederson Santana de Moraes|Erling Haaland|Jakub Kiwior|Jarrod Bowen|Lewis Dunk|Luis Díaz|Ollie Watkins|Pascal Groß|Phil Foden|Rodrigo Muniz Carvalho|Virgil van Dijk,Alfie Doughty|Bukayo Saka|Caoimhin Kelleher|Erling Haaland|Jakub Kiwior|Jarrod Bowen|Lewis Dunk|Luis Díaz|Ollie Watkins|Phil Foden|Rodrigo Muniz Carvalho,Pascal Groß|Virgil van Dijk|Chris Richards|Ederson Santana de Moraes,Bukayo Saka,Phil Foden,222.0
Reduced Ridge,sequential,32,59.0,49.0,10.0,Bukayo Saka,1,1,13.0,Alfie Doughty|Bukayo Saka|Caoimhin Kelleher|Chris Richards|Ederson Santana de Moraes|Erling Haaland|Jakub Kiwior|Jarrod Bowen|Lewis Dunk|Luis Díaz|Ollie Watkins|Pascal Groß|Phil Foden|Rodrigo Muniz Carvalho|Virgil van Dijk,Alfie Doughty|Bukayo Saka|Caoimhin Kelleher|Erling Haaland|Jarrod Bowen|Lewis Dunk|Luis Díaz|Pascal Groß|Phil Foden|Rodrigo Muniz Carvalho|Virgil van Dijk,Ollie Watkins|Jakub Kiwior|Chris Richards|Ederson Santana de Moraes,Bukayo Saka,Phil Foden,281.0
Reduced Ridge,sequential,33,35.0,33.0,2.0,Bukayo Saka,3,2,5.0,Alfie Doughty|Bukayo Saka|Caoimhin Kelleher|Chris Richards|Ederson Santana de Moraes|Erling Haaland|Jakub Kiwior|Jarrod Bowen|Lewis Dunk|Luis Díaz|Ollie Watkins|Pascal Groß|Phil Foden|Rodrigo Muniz Carvalho|Virgil van Dijk,Alfie Doughty|Bukayo Saka|Caoimhin Kelleher|Erling Haaland|Jarrod Bowen|Lewis Dunk|Luis Díaz|Ollie Watkins|Phil Foden|Rodrigo Muniz Carvalho|Virgil van Dijk,Pascal Groß|Jakub Kiwior|Chris Richards|Ederson Santana de Moraes,Bukayo Saka,Phil Foden,316.0
Reduced Ridge,sequential,34,67.0,58.0,9.0,Bukayo Saka,2,2,13.0,Alfie Doughty|Bukayo Saka|Caoimhin Kelleher|Chris Richards|Ederson Santana de Moraes|Erling Haaland|Jakub Kiwior|Jarrod Bowen|Lewis Dunk|Luis Díaz|Ollie Watkins|Pascal Groß|Phil Foden|Rodrigo Muniz Carvalho|Virgil van Dijk,Alfie Doughty|Bukayo Saka|Caoimhin Kelleher|Erling Haaland|Lewis Dunk|Luis Díaz|Ollie Watkins|Pascal Groß|Phil Foden|Rodrigo Muniz Carvalho|Virgil van Dijk,Jarrod Bowen|Jakub Kiwior|Chris Richards|Ederson Santana de Moraes,Bukayo Saka,Phil Foden,383.0
Reduced Ridge,sequential,35,62.0,50.0,12.0,Bukayo Saka,1,1,13.0,Alfie Doughty|Bukayo Saka|Caoimhin Kelleher|Chris Richards|Ederson Santana de Moraes|Erling Haaland|Jakub Kiwior|Jarrod Bowen|Lewis Dunk|Luis Díaz|Ollie Watkins|Pascal Groß|Phil Foden|Rodrigo Muniz Carvalho|Virgil van Dijk,Bukayo Saka|Chris Richards|Ederson Santana de Moraes|Erling Haaland|Lewis Dunk|Luis Díaz|Ollie Watkins|Pascal Groß|Phil Foden|Rodrigo Muniz Carvalho|Virgil van Dijk,Jarrod Bowen|Alfie Doughty|Jakub Kiwior|Caoimhin Kelleher,Bukayo Saka,Phil Foden,445.0
Reduced Ridge,sequential,36,75.0,65.0,10.0,Bukayo Saka,0,0,0.0,Alfie Doughty|Bukayo Saka|Caoimhin Kelleher|Chris Richards|Ederson Santana de Moraes|Erling Haaland|Jakub Kiwior|Jarrod Bowen|Lewis Dunk|Luis Díaz|Ollie Watkins|Pascal Groß|Phil Foden|Rodrigo Muniz Carvalho|Virgil van Dijk,Bukayo Saka|Chris Richards|Ederson Santana de Moraes|Erling Haaland|Jarrod Bowen|Lewis Dunk|Luis Díaz|Ollie Watkins|Phil Foden|Rodrigo Muniz Carvalho|Virgil van Dijk,Pascal Groß|Alfie Doughty|Jakub Kiwior|Caoimhin Kelleher,Bukayo Saka,Phil Foden,520.0
Reduced Ridge,sequential,37,62.0,60.0,2.0,Bukayo Saka,0,0,0.0,Alfie Doughty|Bukayo Saka|Caoimhin Kelleher|Chris Richards|Ederson Santana de Moraes|Erling Haaland|Jakub Kiwior|Jarrod Bowen|Lewis Dunk|Luis Díaz|Ollie Watkins|Pascal Groß|Phil Foden|Rodrigo Muniz Carvalho|Virgil van Dijk,Alfie Doughty|Bukayo Saka|Chris Richards|Ederson Santana de Moraes|Erling Haaland|Jarrod Bowen|Lewis Dunk|Luis Díaz|Ollie Watkins|Phil Foden|Rodrigo Muniz Carvalho,Pascal Groß|Virgil van Dijk|Jakub Kiwior|Caoimhin Kelleher,Bukayo Saka,Phil Foden,582.0
Reduced Ridge,sequential,38,57.0,42.0,15.0,Phil Foden,4,2,7.0,Alfie Doughty|Bukayo Saka|Caoimhin Kelleher|Chris Richards|Ederson Santana de Moraes|Erling Haaland|Jakub Kiwior|Jarrod Bowen|Lewis Dunk|Luis Díaz|Ollie Watkins|Pascal Groß|Phil Foden|Rodrigo Muniz Carvalho|Virgil van Dijk,Alfie Doughty|Bukayo Saka|Chris Richards|Ederson Santana de Moraes|Erling Haaland|Jarrod Bowen|Lewis Dunk|Luis Díaz|Ollie Watkins|Pascal Groß|Phil Foden,Rodrigo Muniz Carvalho|Virgil van Dijk|Jakub Kiwior|Caoimhin Kelleher,Bukayo Saka,Phil Foden,639.0
Parsimonious Ridge,static,27,87.0,80.0,7.0,Bukayo Saka,0,0,0.0,Alphonse Areola|Bukayo Saka|Carlton Morris|Chris Richards|Douglas Luiz Soares de Paulo|Ederson Santana de Moraes|Erling Haaland|Gabriel dos Santos Magalhães|Harry Maguire|Kai Havertz|Lewis Dunk|Luis Díaz|Ollie Watkins|Phil Foden|Virgil van Dijk,Bukayo Saka|Carlton Morris|Ederson Santana de Moraes|Erling Haaland|Gabriel dos Santos Magalhães|Kai Havertz|Lewis Dunk|Luis Díaz|Ollie Watkins|Phil Foden|Virgil van Dijk,Douglas Luiz Soares de Paulo|Harry Maguire|Chris Richards|Alphonse Areola,Bukayo Saka,Luis Díaz,87.0
Parsimonious Ridge,static,28,33.0,31.0,2.0,Bukayo Saka,0,0,0.0,Alphonse Areola|Bukayo Saka|Carlton Morris|Chris Richards|Douglas Luiz Soares de Paulo|Ederson Santana de Moraes|Erling Haaland|Gabriel dos Santos Magalhães|Harry Maguire|Kai Havertz|Lewis Dunk|Luis Díaz|Ollie Watkins|Phil Foden|Virgil van Dijk,Bukayo Saka|Carlton Morris|Ederson Santana de Moraes|Erling Haaland|Gabriel dos Santos Magalhães|Kai Havertz|Lewis Dunk|Luis Díaz|Ollie Watkins|Phil Foden|Virgil van Dijk,Douglas Luiz Soares de Paulo|Harry Maguire|Chris Richards|Alphonse Areola,Bukayo Saka,Luis Díaz,120.0
Parsimonious Ridge,static,29,8.0,8.0,0.0,,9,2,4.0,Alphonse Areola|Bukayo Saka|Carlton Morris|Chris Richards|Douglas Luiz Soares de Paulo|Ederson Santana de Moraes|Erling Haaland|Gabriel dos Santos Magalhães|Harry Maguire|Kai Havertz|Lewis Dunk|Luis Díaz|Ollie Watkins|Phil Foden|Virgil van Dijk,Bukayo Saka|Carlton Morris|Ederson Santana de Moraes|Erling Haaland|Gabriel dos Santos Magalhães|Kai Havertz|Lewis Dunk|Luis Díaz|Ollie Watkins|Phil Foden|Virgil van Dijk,Douglas Luiz Soares de Paulo|Harry Maguire|Chris Richards|Alphonse Areola,Bukayo Saka,Luis Díaz,128.0
Parsimonious Ridge,static,30,37.0,34.0,3.0,Bukayo Saka,1,1,2.0,Alphonse Areola|Bukayo Saka|Carlton Morris|Chris Richards|Douglas Luiz Soares de Paulo|Ederson Santana de Moraes|Erling Haaland|Gabriel dos Santos Magalhães|Harry Maguire|Kai Havertz|Lewis Dunk|Luis Díaz|Ollie Watkins|Phil Foden|Virgil van Dijk,Bukayo Saka|Carlton Morris|Ederson Santana de Moraes|Erling Haaland|Gabriel dos Santos Magalhães|Kai Havertz|Lewis Dunk|Luis Díaz|Ollie Watkins|Phil Foden|Virgil van Dijk,Douglas Luiz Soares de Paulo|Harry Maguire|Chris Richards|Alphonse Areola,Bukayo Saka,Luis Díaz,165.0
Parsimonious Ridge,static,31,55.0,49.0,6.0,Luis Díaz,4,2,1.0,Alphonse Areola|Bukayo Saka|Carlton Morris|Chris Richards|Douglas Luiz Soares de Paulo|Ederson Santana de Moraes|Erling Haaland|Gabriel dos Santos Magalhães|Harry Maguire|Kai Havertz|Lewis Dunk|Luis Díaz|Ollie Watkins|Phil Foden|Virgil van Dijk,Bukayo Saka|Carlton Morris|Ederson Santana de Moraes|Erling Haaland|Gabriel dos Santos Magalhães|Kai Havertz|Lewis Dunk|Luis Díaz|Ollie Watkins|Phil Foden|Virgil van Dijk,Douglas Luiz Soares de Paulo|Harry Maguire|Chris Richards|Alphonse Areola,Bukayo Saka,Luis Díaz,220.0
Parsimonious Ridge,static,32,79.0,69.0,10.0,Bukayo Saka,2,1,1.0,Alphonse Areola|Bukayo Saka|Carlton Morris|Chris Richards|Douglas Luiz Soares de Paulo|Ederson Santana de Moraes|Erling Haaland|Gabriel dos Santos Magalhães|Harry Maguire|Kai Havertz|Lewis Dunk|Luis Díaz|Ollie Watkins|Phil Foden|Virgil van Dijk,Bukayo Saka|Carlton Morris|Ederson Santana de Moraes|Erling Haaland|Gabriel dos Santos Magalhães|Kai Havertz|Lewis Dunk|Luis Díaz|Ollie Watkins|Phil Foden|Virgil van Dijk,Douglas Luiz Soares de Paulo|Harry Maguire|Chris Richards|Alphonse Areola,Bukayo Saka,Luis Díaz,299.0
Parsimonious Ridge,static,33,34.0,32.0,2.0,Bukayo Saka,1,1,1.0,Alphonse Areola|Bukayo Saka|Carlton Morris|Chris Richards|Douglas Luiz Soares de Paulo|Ederson Santana de Moraes|Erling Haaland|Gabriel dos Santos Magalhães|Harry Maguire|Kai Havertz|Lewis Dunk|Luis Díaz|Ollie Watkins|Phil Foden|Virgil van Dijk,Bukayo Saka|Carlton Morris|Ederson Santana de Moraes|Erling Haaland|Gabriel dos Santos Magalhães|Kai Havertz|Lewis Dunk|Luis Díaz|Ollie Watkins|Phil Foden|Virgil van Dijk,Douglas Luiz Soares de Paulo|Harry Maguire|Chris Richards|Alphonse Areola,Bukayo Saka,Luis Díaz,333.0
Parsimonious Ridge,static,34,98.0,89.0,9.0,Bukayo Saka,1,1,12.0,Alphonse Areola|Bukayo Saka|Carlton Morris|Chris Richards|Douglas Luiz Soares de Paulo|Ederson Santana de Moraes|Erling Haaland|Gabriel dos Santos Magalhães|Harry Maguire|Kai Havertz|Lewis Dunk|Luis Díaz|Ollie Watkins|Phil Foden|Virgil van Dijk,Bukayo Saka|Carlton Morris|Ederson Santana de Moraes|Erling Haaland|Gabriel dos Santos Magalhães|Kai Havertz|Lewis Dunk|Luis Díaz|Ollie Watkins|Phil Foden|Virgil van Dijk,Douglas Luiz Soares de Paulo|Harry Maguire|Chris Richards|Alphonse Areola,Bukayo Saka,Luis Díaz,431.0
Parsimonious Ridge,static,35,61.0,49.0,12.0,Bukayo Saka,1,1,1.0,Alphonse Areola|Bukayo Saka|Carlton Morris|Chris Richards|Douglas Luiz Soares de Paulo|Ederson Santana de Moraes|Erling Haaland|Gabriel dos Santos Magalhães|Harry Maguire|Kai Havertz|Lewis Dunk|Luis Díaz|Ollie Watkins|Phil Foden|Virgil van Dijk,Bukayo Saka|Carlton Morris|Ederson Santana de Moraes|Erling Haaland|Gabriel dos Santos Magalhães|Kai Havertz|Lewis Dunk|Luis Díaz|Ollie Watkins|Phil Foden|Virgil van Dijk,Douglas Luiz Soares de Paulo|Harry Maguire|Chris Richards|Alphonse Areola,Bukayo Saka,Luis Díaz,492.0
Parsimonious Ridge,static,36,74.0,64.0,10.0,Bukayo Saka,0,0,0.0,Alphonse Areola|Bukayo Saka|Carlton Morris|Chris Richards|Douglas Luiz Soares de Paulo|Ederson Santana de Moraes|Erling Haaland|Gabriel dos Santos Magalhães|Harry Maguire|Kai Havertz|Lewis Dunk|Luis Díaz|Ollie Watkins|Phil Foden|Virgil van Dijk,Bukayo Saka|Carlton Morris|Ederson Santana de Moraes|Erling Haaland|Gabriel dos Santos Magalhães|Kai Havertz|Lewis Dunk|Luis Díaz|Ollie Watkins|Phil Foden|Virgil van Dijk,Douglas Luiz Soares de Paulo|Harry Maguire|Chris Richards|Alphonse Areola,Bukayo Saka,Luis Díaz,566.0
Parsimonious Ridge,static,37,67.0,65.0,2.0,Bukayo Saka,0,0,0.0,Alphonse Areola|Bukayo Saka|Carlton Morris|Chris Richards|Douglas Luiz Soares de Paulo|Ederson Santana de Moraes|Erling Haaland|Gabriel dos Santos Magalhães|Harry Maguire|Kai Havertz|Lewis Dunk|Luis Díaz|Ollie Watkins|Phil Foden|Virgil van Dijk,Bukayo Saka|Carlton Morris|Ederson Santana de Moraes|Erling Haaland|Gabriel dos Santos Magalhães|Kai Havertz|Lewis Dunk|Luis Díaz|Ollie Watkins|Phil Foden|Virgil van Dijk,Douglas Luiz Soares de Paulo|Harry Maguire|Chris Richards|Alphonse Areola,Bukayo Saka,Luis Díaz,633.0
Parsimonious Ridge,static,38,54.0,51.0,3.0,Luis Díaz,3,3,11.0,Alphonse Areola|Bukayo Saka|Carlton Morris|Chris Richards|Douglas Luiz Soares de Paulo|Ederson Santana de Moraes|Erling Haaland|Gabriel dos Santos Magalhães|Harry Maguire|Kai Havertz|Lewis Dunk|Luis Díaz|Ollie Watkins|Phil Foden|Virgil van Dijk,Bukayo Saka|Carlton Morris|Ederson Santana de Moraes|Erling Haaland|Gabriel dos Santos Magalhães|Kai Havertz|Lewis Dunk|Luis Díaz|Ollie Watkins|Phil Foden|Virgil van Dijk,Douglas Luiz Soares de Paulo|Harry Maguire|Chris Richards|Alphonse Areola,Bukayo Saka,Luis Díaz,687.0
Parsimonious Ridge,sequential,27,87.0,80.0,7.0,Bukayo Saka,0,0,0.0,Alphonse Areola|Bukayo Saka|Carlton Morris|Chris Richards|Douglas Luiz Soares de Paulo|Ederson Santana de Moraes|Erling Haaland|Gabriel dos Santos Magalhães|Harry Maguire|Kai Havertz|Lewis Dunk|Luis Díaz|Ollie Watkins|Phil Foden|Virgil van Dijk,Bukayo Saka|Carlton Morris|Ederson Santana de Moraes|Erling Haaland|Gabriel dos Santos Magalhães|Kai Havertz|Lewis Dunk|Luis Díaz|Ollie Watkins|Phil Foden|Virgil van Dijk,Douglas Luiz Soares de Paulo|Harry Maguire|Chris Richards|Alphonse Areola,Bukayo Saka,Luis Díaz,87.0
Parsimonious Ridge,sequential,28,33.0,31.0,2.0,Bukayo Saka,0,0,0.0,Alphonse Areola|Bukayo Saka|Carlton Morris|Chris Richards|Douglas Luiz Soares de Paulo|Ederson Santana de Moraes|Erling Haaland|Gabriel dos Santos Magalhães|Harry Maguire|Kai Havertz|Lewis Dunk|Luis Díaz|Ollie Watkins|Phil Foden|Virgil van Dijk,Bukayo Saka|Carlton Morris|Ederson Santana de Moraes|Erling Haaland|Gabriel dos Santos Magalhães|Kai Havertz|Lewis Dunk|Luis Díaz|Ollie Watkins|Phil Foden|Virgil van Dijk,Douglas Luiz Soares de Paulo|Chris Richards|Harry Maguire|Alphonse Areola,Bukayo Saka,Luis Díaz,120.0
Parsimonious Ridge,sequential,29,8.0,8.0,0.0,,8,1,1.0,Alphonse Areola|Bukayo Saka|Carlton Morris|Chris Richards|Douglas Luiz Soares de Paulo|Ederson Santana de Moraes|Erling Haaland|Gabriel dos Santos Magalhães|Harry Maguire|Kai Havertz|Lewis Dunk|Luis Díaz|Ollie Watkins|Phil Foden|Virgil van Dijk,Alphonse Areola|Bukayo Saka|Carlton Morris|Erling Haaland|Gabriel dos Santos Magalhães|Kai Havertz|Lewis Dunk|Luis Díaz|Ollie Watkins|Phil Foden|Virgil van Dijk,Douglas Luiz Soares de Paulo|Chris Richards|Harry Maguire|Ederson Santana de Moraes,Bukayo Saka,Luis Díaz,128.0
Parsimonious Ridge,sequential,30,37.0,34.0,3.0,Bukayo Saka,0,0,0.0,Alphonse Areola|Bukayo Saka|Carlton Morris|Chris Richards|Douglas Luiz Soares de Paulo|Ederson Santana de Moraes|Erling Haaland|Gabriel dos Santos Magalhães|Harry Maguire|Kai Havertz|Lewis Dunk|Luis Díaz|Ollie Watkins|Phil Foden|Virgil van Dijk,Alphonse Areola|Bukayo Saka|Carlton Morris|Erling Haaland|Gabriel dos Santos Magalhães|Kai Havertz|Lewis Dunk|Luis Díaz|Ollie Watkins|Phil Foden|Virgil van Dijk,Douglas Luiz Soares de Paulo|Chris Richards|Harry Maguire|Ederson Santana de Moraes,Bukayo Saka,Luis Díaz,165.0
Parsimonious Ridge,sequential,31,55.0,49.0,6.0,Luis Díaz,4,2,1.0,Alphonse Areola|Bukayo Saka|Carlton Morris|Chris Richards|Douglas Luiz Soares de Paulo|Ederson Santana de Moraes|Erling Haaland|Gabriel dos Santos Magalhães|Harry Maguire|Kai Havertz|Lewis Dunk|Luis Díaz|Ollie Watkins|Phil Foden|Virgil van Dijk,Alphonse Areola|Bukayo Saka|Carlton Morris|Erling Haaland|Gabriel dos Santos Magalhães|Kai Havertz|Lewis Dunk|Luis Díaz|Ollie Watkins|Phil Foden|Virgil van Dijk,Douglas Luiz Soares de Paulo|Chris Richards|Harry Maguire|Ederson Santana de Moraes,Bukayo Saka,Luis Díaz,220.0
Parsimonious Ridge,sequential,32,79.0,69.0,10.0,Bukayo Saka,2,1,1.0,Alphonse Areola|Bukayo Saka|Carlton Morris|Chris Richards|Douglas Luiz Soares de Paulo|Ederson Santana de Moraes|Erling Haaland|Gabriel dos Santos Magalhães|Harry Maguire|Kai Havertz|Lewis Dunk|Luis Díaz|Ollie Watkins|Phil Foden|Virgil van Dijk,Alphonse Areola|Bukayo Saka|Carlton Morris|Erling Haaland|Gabriel dos Santos Magalhães|Kai Havertz|Lewis Dunk|Luis Díaz|Ollie Watkins|Phil Foden|Virgil van Dijk,Douglas Luiz Soares de Paulo|Chris Richards|Harry Maguire|Ederson Santana de Moraes,Bukayo Saka,Luis Díaz,299.0
Parsimonious Ridge,sequential,33,34.0,32.0,2.0,Bukayo Saka,2,2,3.0,Alphonse Areola|Bukayo Saka|Carlton Morris|Chris Richards|Douglas Luiz Soares de Paulo|Ederson Santana de Moraes|Erling Haaland|Gabriel dos Santos Magalhães|Harry Maguire|Kai Havertz|Lewis Dunk|Luis Díaz|Ollie Watkins|Phil Foden|Virgil van Dijk,Alphonse Areola|Bukayo Saka|Carlton Morris|Erling Haaland|Gabriel dos Santos Magalhães|Kai Havertz|Lewis Dunk|Luis Díaz|Ollie Watkins|Phil Foden|Virgil van Dijk,Douglas Luiz Soares de Paulo|Harry Maguire|Chris Richards|Ederson Santana de Moraes,Bukayo Saka,Luis Díaz,333.0
Parsimonious Ridge,sequential,34,98.0,89.0,9.0,Bukayo Saka,1,1,12.0,Alphonse Areola|Bukayo Saka|Carlton Morris|Chris Richards|Douglas Luiz Soares de Paulo|Ederson Santana de Moraes|Erling Haaland|Gabriel dos Santos Magalhães|Harry Maguire|Kai Havertz|Lewis Dunk|Luis Díaz|Ollie Watkins|Phil Foden|Virgil van Dijk,Bukayo Saka|Carlton Morris|Ederson Santana de Moraes|Erling Haaland|Gabriel dos Santos Magalhães|Kai Havertz|Lewis Dunk|Luis Díaz|Ollie Watkins|Phil Foden|Virgil van Dijk,Douglas Luiz Soares de Paulo|Harry Maguire|Chris Richards|Alphonse Areola,Bukayo Saka,Luis Díaz,431.0
Parsimonious Ridge,sequential,35,62.0,50.0,12.0,Bukayo Saka,1,1,1.0,Alphonse Areola|Bukayo Saka|Carlton Morris|Chris Richards|Douglas Luiz Soares de Paulo|Ederson Santana de Moraes|Erling Haaland|Gabriel dos Santos Magalhães|Harry Maguire|Kai Havertz|Lewis Dunk|Luis Díaz|Ollie Watkins|Phil Foden|Virgil van Dijk,Bukayo Saka|Carlton Morris|Ederson Santana de Moraes|Erling Haaland|Gabriel dos Santos Magalhães|Harry Maguire|Kai Havertz|Luis Díaz|Ollie Watkins|Phil Foden|Virgil van Dijk,Lewis Dunk|Chris Richards|Douglas Luiz Soares de Paulo|Alphonse Areola,Bukayo Saka,Luis Díaz,493.0
Parsimonious Ridge,sequential,36,74.0,64.0,10.0,Bukayo Saka,1,1,7.0,Alphonse Areola|Bukayo Saka|Carlton Morris|Chris Richards|Douglas Luiz Soares de Paulo|Ederson Santana de Moraes|Erling Haaland|Gabriel dos Santos Magalhães|Harry Maguire|Kai Havertz|Lewis Dunk|Luis Díaz|Ollie Watkins|Phil Foden|Virgil van Dijk,Bukayo Saka|Carlton Morris|Ederson Santana de Moraes|Erling Haaland|Gabriel dos Santos Magalhães|Harry Maguire|Kai Havertz|Luis Díaz|Ollie Watkins|Phil Foden|Virgil van Dijk,Lewis Dunk|Chris Richards|Douglas Luiz Soares de Paulo|Alphonse Areola,Bukayo Saka,Luis Díaz,567.0
Parsimonious Ridge,sequential,37,68.0,66.0,2.0,Bukayo Saka,0,0,0.0,Alphonse Areola|Bukayo Saka|Carlton Morris|Chris Richards|Douglas Luiz Soares de Paulo|Ederson Santana de Moraes|Erling Haaland|Gabriel dos Santos Magalhães|Harry Maguire|Kai Havertz|Lewis Dunk|Luis Díaz|Ollie Watkins|Phil Foden|Virgil van Dijk,Bukayo Saka|Carlton Morris|Chris Richards|Ederson Santana de Moraes|Erling Haaland|Gabriel dos Santos Magalhães|Kai Havertz|Lewis Dunk|Luis Díaz|Ollie Watkins|Phil Foden,Virgil van Dijk|Douglas Luiz Soares de Paulo|Harry Maguire|Alphonse Areola,Bukayo Saka,Luis Díaz,635.0
Parsimonious Ridge,sequential,38,54.0,51.0,3.0,Luis Díaz,3,3,11.0,Alphonse Areola|Bukayo Saka|Carlton Morris|Chris Richards|Douglas Luiz Soares de Paulo|Ederson Santana de Moraes|Erling Haaland|Gabriel dos Santos Magalhães|Harry Maguire|Kai Havertz|Lewis Dunk|Luis Díaz|Ollie Watkins|Phil Foden|Virgil van Dijk,Bukayo Saka|Carlton Morris|Chris Richards|Ederson Santana de Moraes|Erling Haaland|Gabriel dos Santos Magalhães|Kai Havertz|Lewis Dunk|Luis Díaz|Ollie Watkins|Phil Foden,Virgil van Dijk|Douglas Luiz Soares de Paulo|Harry Maguire|Alphonse Areola,Bukayo Saka,Luis Díaz,689.0
Full LASSO,static,27,68.0,61.0,7.0,Bukayo Saka,0,0,0.0,Bukayo Saka|Carlton Morris|Chiedozie Ogbene|Chris Richards|Douglas Luiz Soares de Paulo|Ederson Santana de Moraes|Emerson Palmieri dos Santos|Jakub Kiwior|Lewis Dunk|Luis Díaz|Ollie Watkins|Pascal Groß|Phil Foden|Thomas Kaminski|Virgil van Dijk,Bukayo Saka|Carlton Morris|Douglas Luiz Soares de Paulo|Ederson Santana de Moraes|Emerson Palmieri dos Santos|Lewis Dunk|Luis Díaz|Ollie Watkins|Pascal Groß|Phil Foden|Virgil van Dijk,Chiedozie Ogbene|Jakub Kiwior|Chris Richards|Thomas Kaminski,Bukayo Saka,Phil Foden,68.0
Full LASSO,static,28,35.0,33.0,2.0,Bukayo Saka,1,1,2.0,Bukayo Saka|Carlton Morris|Chiedozie Ogbene|Chris Richards|Douglas Luiz Soares de Paulo|Ederson Santana de Moraes|Emerson Palmieri dos Santos|Jakub Kiwior|Lewis Dunk|Luis Díaz|Ollie Watkins|Pascal Groß|Phil Foden|Thomas Kaminski|Virgil van Dijk,Bukayo Saka|Carlton Morris|Douglas Luiz Soares de Paulo|Ederson Santana de Moraes|Emerson Palmieri dos Santos|Lewis Dunk|Luis Díaz|Ollie Watkins|Pascal Groß|Phil Foden|Virgil van Dijk,Chiedozie Ogbene|Jakub Kiwior|Chris Richards|Thomas Kaminski,Bukayo Saka,Phil Foden,103.0
Full LASSO,static,29,11.0,11.0,0.0,,7,2,4.0,Bukayo Saka|Carlton Morris|Chiedozie Ogbene|Chris Richards|Douglas Luiz Soares de Paulo|Ederson Santana de Moraes|Emerson Palmieri dos Santos|Jakub Kiwior|Lewis Dunk|Luis Díaz|Ollie Watkins|Pascal Groß|Phil Foden|Thomas Kaminski|Virgil van Dijk,Bukayo Saka|Carlton Morris|Douglas Luiz Soares de Paulo|Ederson Santana de Moraes|Emerson Palmieri dos Santos|Lewis Dunk|Luis Díaz|Ollie Watkins|Pascal Groß|Phil Foden|Virgil van Dijk,Chiedozie Ogbene|Jakub Kiwior|Chris Richards|Thomas Kaminski,Bukayo Saka,Phil Foden,114.0
Full LASSO,static,30,29.0,26.0,3.0,Bukayo Saka,1,1,1.0,Bukayo Saka|Carlton Morris|Chiedozie Ogbene|Chris Richards|Douglas Luiz Soares de Paulo|Ederson Santana de Moraes|Emerson Palmieri dos Santos|Jakub Kiwior|Lewis Dunk|Luis Díaz|Ollie Watkins|Pascal Groß|Phil Foden|Thomas Kaminski|Virgil van Dijk,Bukayo Saka|Carlton Morris|Douglas Luiz Soares de Paulo|Ederson Santana de Moraes|Emerson Palmieri dos Santos|Lewis Dunk|Luis Díaz|Ollie Watkins|Pascal Groß|Phil Foden|Virgil van Dijk,Chiedozie Ogbene|Jakub Kiwior|Chris Richards|Thomas Kaminski,Bukayo Saka,Phil Foden,143.0
Full LASSO,static,31,65.0,45.0,20.0,Phil Foden,3,1,2.0,Bukayo Saka|Carlton Morris|Chiedozie Ogbene|Chris Richards|Douglas Luiz Soares de Paulo|Ederson Santana de Moraes|Emerson Palmieri dos Santos|Jakub Kiwior|Lewis Dunk|Luis Díaz|Ollie Watkins|Pascal Groß|Phil Foden|Thomas Kaminski|Virgil van Dijk,Bukayo Saka|Carlton Morris|Douglas Luiz Soares de Paulo|Ederson Santana de Moraes|Emerson Palmieri dos Santos|Lewis Dunk|Luis Díaz|Ollie Watkins|Pascal Groß|Phil Foden|Virgil van Dijk,Chiedozie Ogbene|Jakub Kiwior|Chris Richards|Thomas Kaminski,Bukayo Saka,Phil Foden,208.0
Full LASSO,static,32,59.0,49.0,10.0,Bukayo Saka,2,1,2.0,Bukayo Saka|Carlton Morris|Chiedozie Ogbene|Chris Richards|Douglas Luiz Soares de Paulo|Ederson Santana de Moraes|Emerson Palmieri dos Santos|Jakub Kiwior|Lewis Dunk|Luis Díaz|Ollie Watkins|Pascal Groß|Phil Foden|Thomas Kaminski|Virgil van Dijk,Bukayo Saka|Carlton Morris|Douglas Luiz Soares de Paulo|Ederson Santana de Moraes|Emerson Palmieri dos Santos|Lewis Dunk|Luis Díaz|Ollie Watkins|Pascal Groß|Phil Foden|Virgil van Dijk,Chiedozie Ogbene|Jakub Kiwior|Chris Richards|Thomas Kaminski,Bukayo Saka,Phil Foden,267.0
Full LASSO,static,33,26.0,24.0,2.0,Bukayo Saka,2,0,0.0,Bukayo Saka|Carlton Morris|Chiedozie Ogbene|Chris Richards|Douglas Luiz Soares de Paulo|Ederson Santana de Moraes|Emerson Palmieri dos Santos|Jakub Kiwior|Lewis Dunk|Luis Díaz|Ollie Watkins|Pascal Groß|Phil Foden|Thomas Kaminski|Virgil van Dijk,Bukayo Saka|Carlton Morris|Douglas Luiz Soares de Paulo|Ederson Santana de Moraes|Emerson Palmieri dos Santos|Lewis Dunk|Luis Díaz|Ollie Watkins|Pascal Groß|Phil Foden|Virgil van Dijk,Chiedozie Ogbene|Jakub Kiwior|Chris Richards|Thomas Kaminski,Bukayo Saka,Phil Foden,293.0
Full LASSO,static,34,63.0,54.0,9.0,Bukayo Saka,1,1,6.0,Bukayo Saka|Carlton Morris|Chiedozie Ogbene|Chris Richards|Douglas Luiz Soares de Paulo|Ederson Santana de Moraes|Emerson Palmieri dos Santos|Jakub Kiwior|Lewis Dunk|Luis Díaz|Ollie Watkins|Pascal Groß|Phil Foden|Thomas Kaminski|Virgil van Dijk,Bukayo Saka|Carlton Morris|Douglas Luiz Soares de Paulo|Ederson Santana de Moraes|Emerson Palmieri dos Santos|Lewis Dunk|Luis Díaz|Ollie Watkins|Pascal Groß|Phil Foden|Virgil van Dijk,Chiedozie Ogbene|Jakub Kiwior|Chris Richards|Thomas Kaminski,Bukayo Saka,Phil Foden,356.0
Full LASSO,static,35,46.0,34.0,12.0,Bukayo Saka,1,1,1.0,Bukayo Saka|Carlton Morris|Chiedozie Ogbene|Chris Richards|Douglas Luiz Soares de Paulo|Ederson Santana de Moraes|Emerson Palmieri dos Santos|Jakub Kiwior|Lewis Dunk|Luis Díaz|Ollie Watkins|Pascal Groß|Phil Foden|Thomas Kaminski|Virgil van Dijk,Bukayo Saka|Carlton Morris|Douglas Luiz Soares de Paulo|Ederson Santana de Moraes|Emerson Palmieri dos Santos|Lewis Dunk|Luis Díaz|Ollie Watkins|Pascal Groß|Phil Foden|Virgil van Dijk,Chiedozie Ogbene|Jakub Kiwior|Chris Richards|Thomas Kaminski,Bukayo Saka,Phil Foden,402.0
Full LASSO,static,36,44.0,34.0,10.0,Bukayo Saka,0,0,0.0,Bukayo Saka|Carlton Morris|Chiedozie Ogbene|Chris Richards|Douglas Luiz Soares de Paulo|Ederson Santana de Moraes|Emerson Palmieri dos Santos|Jakub Kiwior|Lewis Dunk|Luis Díaz|Ollie Watkins|Pascal Groß|Phil Foden|Thomas Kaminski|Virgil van Dijk,Bukayo Saka|Carlton Morris|Douglas Luiz Soares de Paulo|Ederson Santana de Moraes|Emerson Palmieri dos Santos|Lewis Dunk|Luis Díaz|Ollie Watkins|Pascal Groß|Phil Foden|Virgil van Dijk,Chiedozie Ogbene|Jakub Kiwior|Chris Richards|Thomas Kaminski,Bukayo Saka,Phil Foden,446.0
Full LASSO,static,37,46.0,44.0,2.0,Bukayo Saka,0,0,0.0,Bukayo Saka|Carlton Morris|Chiedozie Ogbene|Chris Richards|Douglas Luiz Soares de Paulo|Ederson Santana de Moraes|Emerson Palmieri dos Santos|Jakub Kiwior|Lewis Dunk|Luis Díaz|Ollie Watkins|Pascal Groß|Phil Foden|Thomas Kaminski|Virgil van Dijk,Bukayo Saka|Carlton Morris|Douglas Luiz Soares de Paulo|Ederson Santana de Moraes|Emerson Palmieri dos Santos|Lewis Dunk|Luis Díaz|Ollie Watkins|Pascal Groß|Phil Foden|Virgil van Dijk,Chiedozie Ogbene|Jakub Kiwior|Chris Richards|Thomas Kaminski,Bukayo Saka,Phil Foden,492.0
Full LASSO,static,38,64.0,49.0,15.0,Phil Foden,3,3,14.0,Bukayo Saka|Carlton Morris|Chiedozie Ogbene|Chris Richards|Douglas Luiz Soares de Paulo|Ederson Santana de Moraes|Emerson Palmieri dos Santos|Jakub Kiwior|Lewis Dunk|Luis Díaz|Ollie Watkins|Pascal Groß|Phil Foden|Thomas Kaminski|Virgil van Dijk,Bukayo Saka|Carlton Morris|Douglas Luiz Soares de Paulo|Ederson Santana de Moraes|Emerson Palmieri dos Santos|Lewis Dunk|Luis Díaz|Ollie Watkins|Pascal Groß|Phil Foden|Virgil van Dijk,Chiedozie Ogbene|Jakub Kiwior|Chris Richards|Thomas Kaminski,Bukayo Saka,Phil Foden,556.0
Full LASSO,sequential,27,68.0,61.0,7.0,Bukayo Saka,0,0,0.0,Bukayo Saka|Carlton Morris|Chiedozie Ogbene|Chris Richards|Douglas Luiz Soares de Paulo|Ederson Santana de Moraes|Emerson Palmieri dos Santos|Jakub Kiwior|Lewis Dunk|Luis Díaz|Ollie Watkins|Pascal Groß|Phil Foden|Thomas Kaminski|Virgil van Dijk,Bukayo Saka|Carlton Morris|Douglas Luiz Soares de Paulo|Ederson Santana de Moraes|Emerson Palmieri dos Santos|Lewis Dunk|Luis Díaz|Ollie Watkins|Pascal Groß|Phil Foden|Virgil van Dijk,Chiedozie Ogbene|Jakub Kiwior|Chris Richards|Thomas Kaminski,Bukayo Saka,Phil Foden,68.0
Full LASSO,sequential,28,35.0,33.0,2.0,Bukayo Saka,0,0,0.0,Bukayo Saka|Carlton Morris|Chiedozie Ogbene|Chris Richards|Douglas Luiz Soares de Paulo|Ederson Santana de Moraes|Emerson Palmieri dos Santos|Jakub Kiwior|Lewis Dunk|Luis Díaz|Ollie Watkins|Pascal Groß|Phil Foden|Thomas Kaminski|Virgil van Dijk,Bukayo Saka|Carlton Morris|Douglas Luiz Soares de Paulo|Ederson Santana de Moraes|Jakub Kiwior|Lewis Dunk|Luis Díaz|Ollie Watkins|Pascal Groß|Phil Foden|Virgil van Dijk,Chiedozie Ogbene|Emerson Palmieri dos Santos|Chris Richards|Thomas Kaminski,Bukayo Saka,Phil Foden,103.0
Full LASSO,sequential,29,11.0,11.0,0.0,,7,2,3.0,Bukayo Saka|Carlton Morris|Chiedozie Ogbene|Chris Richards|Douglas Luiz Soares de Paulo|Ederson Santana de Moraes|Emerson Palmieri dos Santos|Jakub Kiwior|Lewis Dunk|Luis Díaz|Ollie Watkins|Pascal Groß|Phil Foden|Thomas Kaminski|Virgil van Dijk,Bukayo Saka|Carlton Morris|Chiedozie Ogbene|Jakub Kiwior|Lewis Dunk|Luis Díaz|Ollie Watkins|Pascal Groß|Phil Foden|Thomas Kaminski|Virgil van Dijk,Douglas Luiz Soares de Paulo|Chris Richards|Emerson Palmieri dos Santos|Ederson Santana de Moraes,Bukayo Saka,Phil Foden,114.0
Full LASSO,sequential,30,35.0,32.0,3.0,Bukayo Saka,1,1,3.0,Bukayo Saka|Carlton Morris|Chiedozie Ogbene|Chris Richards|Douglas Luiz Soares de Paulo|Ederson Santana de Moraes|Emerson Palmieri dos Santos|Jakub Kiwior|Lewis Dunk|Luis Díaz|Ollie Watkins|Pascal Groß|Phil Foden|Thomas Kaminski|Virgil van Dijk,Bukayo Saka|Carlton Morris|Chiedozie Ogbene|Jakub Kiwior|Lewis Dunk|Luis Díaz|Ollie Watkins|Pascal Groß|Phil Foden|Thomas Kaminski|Virgil van Dijk,Douglas Luiz Soares de Paulo|Chris Richards|Emerson Palmieri dos Santos|Ederson Santana de Moraes,Bukayo Saka,Phil Foden,149.0
Full LASSO,sequential,31,65.0,45.0,20.0,Phil Foden,3,1,2.0,Bukayo Saka|Carlton Morris|Chiedozie Ogbene|Chris Richards|Douglas Luiz Soares de Paulo|Ederson Santana de Moraes|Emerson Palmieri dos Santos|Jakub Kiwior|Lewis Dunk|Luis Díaz|Ollie Watkins|Pascal Groß|Phil Foden|Thomas Kaminski|Virgil van Dijk,Bukayo Saka|Carlton Morris|Douglas Luiz Soares de Paulo|Jakub Kiwior|Lewis Dunk|Luis Díaz|Ollie Watkins|Pascal Groß|Phil Foden|Thomas Kaminski|Virgil van Dijk,Chiedozie Ogbene|Chris Richards|Emerson Palmieri dos Santos|Ederson Santana de Moraes,Bukayo Saka,Phil Foden,214.0
Full LASSO,sequential,32,59.0,49.0,10.0,Bukayo Saka,2,1,4.0,Bukayo Saka|Carlton Morris|Chiedozie Ogbene|Chris Richards|Douglas Luiz Soares de Paulo|Ederson Santana de Moraes|Emerson Palmieri dos Santos|Jakub Kiwior|Lewis Dunk|Luis Díaz|Ollie Watkins|Pascal Groß|Phil Foden|Thomas Kaminski|Virgil van Dijk,Bukayo Saka|Carlton Morris|Douglas Luiz Soares de Paulo|Jakub Kiwior|Lewis Dunk|Luis Díaz|Ollie Watkins|Pascal Groß|Phil Foden|Thomas Kaminski|Virgil van Dijk,Chiedozie Ogbene|Emerson Palmieri dos Santos|Chris Richards|Ederson Santana de Moraes,Bukayo Saka,Phil Foden,273.0
Full LASSO,sequential,33,27.0,25.0,2.0,Bukayo Saka,2,0,0.0,Bukayo Saka|Carlton Morris|Chiedozie Ogbene|Chris Richards|Douglas Luiz Soares de Paulo|Ederson Santana de Moraes|Emerson Palmieri dos Santos|Jakub Kiwior|Lewis Dunk|Luis Díaz|Ollie Watkins|Pascal Groß|Phil Foden|Thomas Kaminski|Virgil van Dijk,Bukayo Saka|Carlton Morris|Douglas Luiz Soares de Paulo|Emerson Palmieri dos Santos|Lewis Dunk|Luis Díaz|Ollie Watkins|Pascal Groß|Phil Foden|Thomas Kaminski|Virgil van Dijk,Jakub Kiwior|Chiedozie Ogbene|Chris Richards|Ederson Santana de Moraes,Bukayo Saka,Phil Foden,300.0
Full LASSO,sequential,34,57.0,48.0,9.0,Bukayo Saka,1,1,6.0,Bukayo Saka|Carlton Morris|Chiedozie Ogbene|Chris Richards|Douglas Luiz Soares de Paulo|Ederson Santana de Moraes|Emerson Palmieri dos Santos|Jakub Kiwior|Lewis Dunk|Luis Díaz|Ollie Watkins|Pascal Groß|Phil Foden|Thomas Kaminski|Virgil van Dijk,Bukayo Saka|Carlton Morris|Douglas Luiz Soares de Paulo|Emerson Palmieri dos Santos|Lewis Dunk|Luis Díaz|Ollie Watkins|Pascal Groß|Phil Foden|Thomas Kaminski|Virgil van Dijk,Jakub Kiwior|Chiedozie Ogbene|Chris Richards|Ederson Santana de Moraes,Bukayo Saka,Phil Foden,357.0
Full LASSO,sequential,35,47.0,35.0,12.0,Bukayo Saka,1,1,1.0,Bukayo Saka|Carlton Morris|Chiedozie Ogbene|Chris Richards|Douglas Luiz Soares de Paulo|Ederson Santana de Moraes|Emerson Palmieri dos Santos|Jakub Kiwior|Lewis Dunk|Luis Díaz|Ollie Watkins|Pascal Groß|Phil Foden|Thomas Kaminski|Virgil van Dijk,Bukayo Saka|Carlton Morris|Chris Richards|Ederson Santana de Moraes|Jakub Kiwior|Lewis Dunk|Luis Díaz|Ollie Watkins|Pascal Groß|Phil Foden|Virgil van Dijk,Douglas Luiz Soares de Paulo|Emerson Palmieri dos Santos|Chiedozie Ogbene|Thomas Kaminski,Bukayo Saka,Phil Foden,404.0
Full LASSO,sequential,36,54.0,44.0,10.0,Bukayo Saka,0,0,0.0,Bukayo Saka|Carlton Morris|Chiedozie Ogbene|Chris Richards|Douglas Luiz Soares de Paulo|Ederson Santana de Moraes|Emerson Palmieri dos Santos|Jakub Kiwior|Lewis Dunk|Luis Díaz|Ollie Watkins|Pascal Groß|Phil Foden|Thomas Kaminski|Virgil van Dijk,Bukayo Saka|Carlton Morris|Chris Richards|Emerson Palmieri dos Santos|Lewis Dunk|Luis Díaz|Ollie Watkins|Pascal Groß|Phil Foden|Thomas Kaminski|Virgil van Dijk,Jakub Kiwior|Douglas Luiz Soares de Paulo|Chiedozie Ogbene|Ederson Santana de Moraes,Bukayo Saka,Phil Foden,458.0
Full LASSO,sequential,37,36.0,34.0,2.0,Bukayo Saka,0,0,0.0,Bukayo Saka|Carlton Morris|Chiedozie Ogbene|Chris Richards|Douglas Luiz Soares de Paulo|Ederson Santana de Moraes|Emerson Palmieri dos Santos|Jakub Kiwior|Lewis Dunk|Luis Díaz|Ollie Watkins|Pascal Groß|Phil Foden|Thomas Kaminski|Virgil van Dijk,Bukayo Saka|Carlton Morris|Chris Richards|Douglas Luiz Soares de Paulo|Lewis Dunk|Luis Díaz|Ollie Watkins|Pascal Groß|Phil Foden|Thomas Kaminski|Virgil van Dijk,Emerson Palmieri dos Santos|Jakub Kiwior|Chiedozie Ogbene|Ederson Santana de Moraes,Bukayo Saka,Phil Foden,494.0
Full LASSO,sequential,38,64.0,49.0,15.0,Phil Foden,3,3,9.0,Bukayo Saka|Carlton Morris|Chiedozie Ogbene|Chris Richards|Douglas Luiz Soares de Paulo|Ederson Santana de Moraes|Emerson Palmieri dos Santos|Jakub Kiwior|Lewis Dunk|Luis Díaz|Ollie Watkins|Pascal Groß|Phil Foden|Thomas Kaminski|Virgil van Dijk,Bukayo Saka|Carlton Morris|Chris Richards|Douglas Luiz Soares de Paulo|Ederson Santana de Moraes|Lewis Dunk|Luis Díaz|Ollie Watkins|Pascal Groß|Phil Foden|Virgil van Dijk,Emerson Palmieri dos Santos|Jakub Kiwior|Chiedozie Ogbene|Thomas Kaminski,Bukayo Saka,Phil Foden,558.0
