model,position,alpha,cv_rmse_mean,cv_rmse_se,cv_mae_mean,folds,one_se_threshold,selected,selection_rule
Full Ridge,GK,0.001,1.50534166665728,0.12608474057365815,0.6734177708671463,3,1.625453882021649,False,minimum rolling-origin RMSE
Full Ridge,GK,0.0031622776601683794,1.5053411295453378,0.12608348764462834,0.6734183440911528,3,1.625453882021649,False,minimum rolling-origin RMSE
Full Ridge,GK,0.01,1.5053394319742086,0.126079526464697,0.6734201567255491,3,1.625453882021649,False,minimum rolling-origin RMSE
Full Ridge,GK,0.03162277660168379,1.505334073033292,0.12606700940150398,0.6734258881877458,3,1.625453882021649,False,minimum rolling-origin RMSE
Full Ridge,GK,0.1,1.5053172187836517,0.1260275195997016,0.6734440067418985,3,1.625453882021649,False,minimum rolling-origin RMSE
Full Ridge,GK,0.31622776601683794,1.5052648338503563,0.125903560363533,0.6735012431197678,3,1.625453882021649,False,minimum rolling-origin RMSE
Full Ridge,GK,1.0,1.5051080237893013,0.1255205119059284,0.6736816358248369,3,1.625453882021649,False,minimum rolling-origin RMSE
Full Ridge,GK,3.1622776601683795,1.504692392354082,0.12439169009052739,0.6742457919961883,3,1.625453882021649,False,minimum rolling-origin RMSE
Full Ridge,GK,10.0,1.5039792429641603,0.12147463905748876,0.675962519154679,3,1.625453882021649,True,minimum rolling-origin RMSE
Full Ridge,GK,31.622776601683793,1.5044722405001734,0.1158768698399485,0.6810405572688452,3,1.625453882021649,False,minimum rolling-origin RMSE
Full Ridge,GK,100.0,1.5097264087221909,0.10954518179009422,0.6931825361580937,3,1.625453882021649,False,minimum rolling-origin RMSE
Full Ridge,GK,316.2277660168379,1.5198157785978867,0.10851929817629802,0.716691607542775,3,1.625453882021649,False,minimum rolling-origin RMSE
Full Ridge,GK,1000.0,1.5416509895122823,0.12027453744396283,0.7660187495420171,3,1.625453882021649,False,minimum rolling-origin RMSE
Full Ridge,DEF,0.001,2.018451972909587,0.04965980341450053,1.1180777883266821,3,2.0627173375348704,False,minimum rolling-origin RMSE
Full Ridge,DEF,0.0031622776601683794,2.018363759664448,0.04966448558800339,1.11833263815769,3,2.0627173375348704,False,minimum rolling-origin RMSE
Full Ridge,DEF,0.01,2.018380461720752,0.049627917793922845,1.1186354228524418,3,2.0627173375348704,False,minimum rolling-origin RMSE
Full Ridge,DEF,0.03162277660168379,2.0184374845243216,0.049580976010790624,1.1188371006512272,3,2.0627173375348704,False,minimum rolling-origin RMSE
Full Ridge,DEF,0.1,2.0184690769135236,0.04955352997548132,1.1189241865579664,3,2.0627173375348704,False,minimum rolling-origin RMSE
Full Ridge,DEF,0.31622776601683794,2.018473458836189,0.04953756443358273,1.1189512049689077,3,2.0627173375348704,False,minimum rolling-origin RMSE
Full Ridge,DEF,1.0,2.0184494598340788,0.049514941765790535,1.1189475010983478,3,2.0627173375348704,False,minimum rolling-origin RMSE
Full Ridge,DEF,3.1622776601683795,2.0183626230652045,0.049453915209560315,1.1189086438890024,3,2.0627173375348704,False,minimum rolling-origin RMSE
Full Ridge,DEF,10.0,2.0181029084954303,0.04927426092572049,1.1187869265616313,3,2.0627173375348704,False,minimum rolling-origin RMSE
Full Ridge,DEF,31.622776601683793,2.0174406380174177,0.04879256742395169,1.1185158012710066,3,2.0627173375348704,False,minimum rolling-origin RMSE
Full Ridge,DEF,100.0,2.0163445874153028,0.04779559439033649,1.1183946151216857,3,2.0627173375348704,False,minimum rolling-origin RMSE
Full Ridge,DEF,316.2277660168379,2.016193317123733,0.046524020411137665,1.1207894888402663,3,2.0627173375348704,True,minimum rolling-origin RMSE
Full Ridge,DEF,1000.0,2.0193585046244613,0.046130549915762147,1.131587631374111,3,2.0627173375348704,False,minimum rolling-origin RMSE
Full Ridge,MID,0.001,2.0929144050721114,0.06255226207700813,1.0905978431166574,3,2.155525500262614,False,minimum rolling-origin RMSE
Full Ridge,MID,0.0031622776601683794,2.0924694956269194,0.06291274881757035,1.0903356442918666,3,2.155525500262614,False,minimum rolling-origin RMSE
Full Ridge,MID,0.01,2.0921971622303825,0.06313160338920866,1.0901463007038492,3,2.155525500262614,False,minimum rolling-origin RMSE
Full Ridge,MID,0.03162277660168379,2.0920864136073227,0.06321974711658503,1.090060204843479,3,2.155525500262614,False,minimum rolling-origin RMSE
Full Ridge,MID,0.1,2.092048318164908,0.06324994697065875,1.0900297203227574,3,2.155525500262614,False,minimum rolling-origin RMSE
Full Ridge,MID,0.31622776601683794,2.092035511255288,0.06326029215474997,1.0900212842425157,3,2.155525500262614,False,minimum rolling-origin RMSE
Full Ridge,MID,1.0,2.092029999226602,0.0632654230190403,1.0900236659644376,3,2.155525500262614,False,minimum rolling-origin RMSE
Full Ridge,MID,3.1622776601683795,2.092023867863197,0.06327286775573598,1.0900405877566528,3,2.155525500262614,False,minimum rolling-origin RMSE
Full Ridge,MID,10.0,2.0920094293985443,0.0632936811516037,1.0900976876239894,3,2.155525500262614,False,minimum rolling-origin RMSE
Full Ridge,MID,31.622776601683793,2.0919775394298896,0.06335871303468524,1.0902962501911004,3,2.155525500262614,False,minimum rolling-origin RMSE
Full Ridge,MID,100.0,2.091969559583508,0.06355594067910554,1.0910248180914144,3,2.155525500262614,True,minimum rolling-origin RMSE
Full Ridge,MID,316.2277660168379,2.0923858813673046,0.0640355840894729,1.0937271712087346,3,2.155525500262614,False,minimum rolling-origin RMSE
Full Ridge,MID,1000.0,2.0949596984642938,0.0647135121228342,1.1028569163193322,3,2.155525500262614,False,minimum rolling-origin RMSE
Full Ridge,FWD,0.001,2.2618762857528782,0.10179480404412632,1.1868064830569665,3,2.384348532626925,False,minimum rolling-origin RMSE
Full Ridge,FWD,0.0031622776601683794,2.2618661259081208,0.10181103078150577,1.186923837247807,3,2.384348532626925,False,minimum rolling-origin RMSE
Full Ridge,FWD,0.01,2.2618631548914867,0.10181817840590146,1.1869799497690836,3,2.384348532626925,False,minimum rolling-origin RMSE
Full Ridge,FWD,0.03162277660168379,2.2618627839900967,0.10182330482256238,1.1870023798623117,3,2.384348532626925,False,minimum rolling-origin RMSE
Full Ridge,FWD,0.1,2.2618642181272204,0.10183346360260495,1.1870156200253288,3,2.384348532626925,False,minimum rolling-origin RMSE
Full Ridge,FWD,0.31622776601683794,2.2618695157055932,0.1018635710199415,1.1870381780552872,3,2.384348532626925,False,minimum rolling-origin RMSE
Full Ridge,FWD,1.0,2.2618862820533994,0.10195772077508912,1.1871028474292333,3,2.384348532626925,False,minimum rolling-origin RMSE
Full Ridge,FWD,3.1622776601683795,2.261937090357215,0.10225111170661323,1.1873009062397462,3,2.384348532626925,False,minimum rolling-origin RMSE
Full Ridge,FWD,10.0,2.262075608323099,0.10314113480099965,1.1878929728193166,3,2.384348532626925,False,minimum rolling-origin RMSE
Full Ridge,FWD,31.622776601683793,2.2623289741563415,0.10565501906017029,1.1895895694129577,3,2.384348532626925,False,minimum rolling-origin RMSE
Full Ridge,FWD,100.0,2.262249617787815,0.11170645969710251,1.1940326726820856,3,2.384348532626925,False,minimum rolling-origin RMSE
Full Ridge,FWD,316.2277660168379,2.2614937088903346,0.12285482373659037,1.2050659373283805,3,2.384348532626925,True,minimum rolling-origin RMSE
Full Ridge,FWD,1000.0,2.2661080830416647,0.13882166319753314,1.2333981275543542,3,2.384348532626925,False,minimum rolling-origin RMSE
Reduced Ridge,GK,0.001,1.5032419433957067,0.12472973470523432,0.6751859500846797,3,1.6214500094830915,False,minimum rolling-origin RMSE
Reduced Ridge,GK,0.0031622776601683794,1.5032413192952279,0.12472840860178573,0.6751864625021599,3,1.6214500094830915,False,minimum rolling-origin RMSE
Reduced Ridge,GK,0.01,1.5032393467335343,0.12472421608138184,0.6751880828943747,3,1.6214500094830915,False,minimum rolling-origin RMSE
Reduced Ridge,GK,0.03162277660168379,1.5032331191087938,0.12471096802851062,0.675193206882455,3,1.6214500094830915,False,minimum rolling-origin RMSE
Reduced Ridge,GK,0.1,1.5032135269438374,0.12466917235189218,0.675209408914314,3,1.6214500094830915,False,minimum rolling-origin RMSE
Reduced Ridge,GK,0.31622776601683794,1.5031525742865763,0.12453797804151948,0.6752606291708217,3,1.6214500094830915,False,minimum rolling-origin RMSE
Reduced Ridge,GK,1.0,1.5029695517707446,0.12413260430615577,0.6754224312303748,3,1.6214500094830915,False,minimum rolling-origin RMSE
Reduced Ridge,GK,3.1622776601683795,1.5024791848498786,0.12293832936070145,0.6760271197752951,3,1.6214500094830915,False,minimum rolling-origin RMSE
Reduced Ridge,GK,10.0,1.5015943790018473,0.11985563048124404,0.6779494641372477,3,1.6214500094830915,True,minimum rolling-origin RMSE
Reduced Ridge,GK,31.622776601683793,1.501886652022278,0.11396608846528548,0.6834783116006641,3,1.6214500094830915,False,minimum rolling-origin RMSE
Reduced Ridge,GK,100.0,1.5072533736887312,0.10740546623135011,0.6957766986816246,3,1.6214500094830915,False,minimum rolling-origin RMSE
Reduced Ridge,GK,316.2277660168379,1.5177078635564794,0.10667560042065252,0.7192299975855957,3,1.6214500094830915,False,minimum rolling-origin RMSE
Reduced Ridge,GK,1000.0,1.5399342107305432,0.11973661992655313,0.7683489510324363,3,1.6214500094830915,False,minimum rolling-origin RMSE
Reduced Ridge,DEF,0.001,2.0174911260626467,0.04966651185557795,1.1205584785203742,3,2.0619182861365593,False,minimum rolling-origin RMSE
Reduced Ridge,DEF,0.0031622776601683794,2.0174910397480637,0.04966644770897715,1.1205584422191344,3,2.0619182861365593,False,minimum rolling-origin RMSE
Reduced Ridge,DEF,0.01,2.017490766817056,0.0496662448708753,1.1205583274349464,3,2.0619182861365593,False,minimum rolling-origin RMSE
Reduced Ridge,DEF,0.03162277660168379,2.017489903930087,0.04966560355306535,1.1205579645595647,3,2.0619182861365593,False,minimum rolling-origin RMSE
Reduced Ridge,DEF,0.1,2.017487177207353,0.04966357665327866,1.1205568180872838,3,2.0619182861365593,False,minimum rolling-origin RMSE
Reduced Ridge,DEF,0.31622776601683794,2.0174785741714256,0.049657178263656565,1.1205532030124052,3,2.0619182861365593,False,minimum rolling-origin RMSE
Reduced Ridge,DEF,1.0,2.0174515640341784,0.04963705640103022,1.1205418745417601,3,2.0619182861365593,False,minimum rolling-origin RMSE
Reduced Ridge,DEF,3.1622776601683795,2.0173680657834434,0.04957452059407585,1.120507069572109,3,2.0619182861365593,False,minimum rolling-origin RMSE
Reduced Ridge,DEF,10.0,2.0171221210226338,0.04938708848816835,1.1204067365862882,3,2.0619182861365593,False,minimum rolling-origin RMSE
Reduced Ridge,DEF,31.622776601683793,2.0164971562159435,0.04888107920061553,1.1201846257668386,3,2.0619182861365593,False,minimum rolling-origin RMSE
Reduced Ridge,DEF,100.0,2.01547897384903,0.047827000038063776,1.1202511635730985,3,2.0619182861365593,False,minimum rolling-origin RMSE
Reduced Ridge,DEF,316.2277660168379,2.015409468913094,0.0465088172234651,1.1229642690518251,3,2.0619182861365593,True,minimum rolling-origin RMSE
Reduced Ridge,DEF,1000.0,2.018321052113951,0.0462958402911404,1.1343385621631654,3,2.0619182861365593,False,minimum rolling-origin RMSE
Reduced Ridge,MID,0.001,2.0906297156800866,0.06341552538596372,1.0897480638589851,3,2.1540541703501535,False,minimum rolling-origin RMSE
Reduced Ridge,MID,0.0031622776601683794,2.0906297098599356,0.06341552980038324,1.089748080725919,3,2.1540541703501535,False,minimum rolling-origin RMSE
Reduced Ridge,MID,0.01,2.090629691456977,0.06341554376011582,1.0897481340650244,3,2.1540541703501535,False,minimum rolling-origin RMSE
Reduced Ridge,MID,0.03162277660168379,2.090629633281464,0.0634155879057857,1.0897483027498622,3,2.1540541703501535,False,minimum rolling-origin RMSE
Reduced Ridge,MID,0.1,2.090629449511773,0.0634157275178369,1.0897488362959113,3,2.1540541703501535,False,minimum rolling-origin RMSE
Reduced Ridge,MID,0.31622776601683794,2.0906288703526794,0.0634161691213823,1.0897505246938015,3,2.1540541703501535,False,minimum rolling-origin RMSE
Reduced Ridge,MID,1.0,2.090627058524619,0.06341756669728539,1.0897558756350392,3,2.1540541703501535,False,minimum rolling-origin RMSE
Reduced Ridge,MID,3.1622776601683795,2.090621522769523,0.06342199687659385,1.089772913957573,3,2.1540541703501535,False,minimum rolling-origin RMSE
Reduced Ridge,MID,10.0,2.090605876527736,0.0634361014267538,1.0898279513092748,3,2.1540541703501535,False,minimum rolling-origin RMSE
Reduced Ridge,MID,31.622776601683793,2.0905728440475837,0.06348132630256996,1.090013065140224,3,2.1540541703501535,True,minimum rolling-origin RMSE
Reduced Ridge,MID,100.0,2.090586253071658,0.06362341795218365,1.090740584047695,3,2.1540541703501535,False,minimum rolling-origin RMSE
Reduced Ridge,MID,316.2277660168379,2.091185272428031,0.06399963575221344,1.0936980343377531,3,2.1540541703501535,False,minimum rolling-origin RMSE
Reduced Ridge,MID,1000.0,2.0947457247057453,0.0646803302360951,1.104077720625122,3,2.1540541703501535,False,minimum rolling-origin RMSE
Reduced Ridge,FWD,0.001,2.2593816300507026,0.10651136816761106,1.1884604335445008,3,2.3861008317986707,False,minimum rolling-origin RMSE
Reduced Ridge,FWD,0.0031622776601683794,2.2593816782106484,0.10651172253545019,1.188460652318178,3,2.3861008317986707,False,minimum rolling-origin RMSE
Reduced Ridge,FWD,0.01,2.259381830495198,0.10651284305426113,1.1884613441038976,3,2.3861008317986707,False,minimum rolling-origin RMSE
Reduced Ridge,FWD,0.03162277660168379,2.259382311955317,0.10651638553946642,1.1884635313486214,3,2.3861008317986707,False,minimum rolling-origin RMSE
Reduced Ridge,FWD,0.1,2.259383833400673,0.10652757881311613,1.1884704442895109,3,2.3861008317986707,False,minimum rolling-origin RMSE
Reduced Ridge,FWD,0.31622776601683794,2.2593886337895053,0.1065628850667273,1.1884922677053942,3,2.3861008317986707,False,minimum rolling-origin RMSE
Reduced Ridge,FWD,1.0,2.2594036997228786,0.10667364872207621,1.188560910940075,3,2.3861008317986707,False,minimum rolling-origin RMSE
Reduced Ridge,FWD,3.1622776601683795,2.2594500413374186,0.10701552085227835,1.1887804198243355,3,2.3861008317986707,False,minimum rolling-origin RMSE
Reduced Ridge,FWD,10.0,2.2595804024708634,0.10802433262926557,1.189458820150195,3,2.3861008317986707,False,minimum rolling-origin RMSE
Reduced Ridge,FWD,31.622776601683793,2.259817020095791,0.11071177785837906,1.191422573720972,3,2.3861008317986707,False,minimum rolling-origin RMSE
Reduced Ridge,FWD,100.0,2.2596215005665328,0.11670166578631037,1.196459360763251,3,2.3861008317986707,False,minimum rolling-origin RMSE
Reduced Ridge,FWD,316.2277660168379,2.2587325960687807,0.12736823572989012,1.2093470987493193,3,2.3861008317986707,True,minimum rolling-origin RMSE
Reduced Ridge,FWD,1000.0,2.2663320844450463,0.14312460239701583,1.242699694866441,3,2.3861008317986707,False,minimum rolling-origin RMSE
Parsimonious Ridge,GK,0.001,1.4946756050703653,0.12634372445889896,0.6697883329433251,3,1.6197759816564687,False,minimum rolling-origin RMSE
Parsimonious Ridge,GK,0.0031622776601683794,1.4946754332850896,0.12634291928676727,0.6697889423607201,3,1.6197759816564687,False,minimum rolling-origin RMSE
Parsimonious Ridge,GK,0.01,1.494674890672461,0.12634037374305152,0.6697908694252942,3,1.6197759816564687,False,minimum rolling-origin RMSE
Parsimonious Ridge,GK,0.03162277660168379,1.4946731809751155,0.12633233036286154,0.6697969625142678,3,1.6197759816564687,False,minimum rolling-origin RMSE
Parsimonious Ridge,GK,0.1,1.4946678361718204,0.12630695814745815,0.6698162223145138,3,1.6197759816564687,False,minimum rolling-origin RMSE
Parsimonious Ridge,GK,0.31622776601683794,1.4946515451818294,0.12622735061902396,0.6698770448851974,3,1.6197759816564687,False,minimum rolling-origin RMSE
Parsimonious Ridge,GK,1.0,1.4946059339106077,0.1259817080743659,0.6700685640519977,3,1.6197759816564687,False,minimum rolling-origin RMSE
Parsimonious Ridge,GK,3.1622776601683795,1.4945148979361893,0.12526108372027955,0.6707562780534936,3,1.6197759816564687,True,minimum rolling-origin RMSE
Parsimonious Ridge,GK,10.0,1.4946163381739392,0.12342514813141905,0.6731106246385979,3,1.6197759816564687,False,minimum rolling-origin RMSE
Parsimonious Ridge,GK,31.622776601683793,1.496561344091246,0.12006583348967555,0.6797499673603452,3,1.6197759816564687,False,minimum rolling-origin RMSE
Parsimonious Ridge,GK,100.0,1.5035604292785916,0.11710419893944866,0.6952048123503594,3,1.6197759816564687,False,minimum rolling-origin RMSE
Parsimonious Ridge,GK,316.2277660168379,1.517242582868466,0.1203030309842351,0.7260981815671287,3,1.6197759816564687,False,minimum rolling-origin RMSE
Parsimonious Ridge,GK,1000.0,1.5514230516896028,0.1357152366009975,0.7894547182218816,3,1.6197759816564687,False,minimum rolling-origin RMSE
Parsimonious Ridge,DEF,0.001,2.026298634262218,0.05304041629873556,1.1273108577891542,3,2.0716898766801077,False,minimum rolling-origin RMSE
Parsimonious Ridge,DEF,0.0031622776601683794,2.0262985133594786,0.05304031209951909,1.1273108078107017,3,2.0716898766801077,False,minimum rolling-origin RMSE
Parsimonious Ridge,DEF,0.01,2.026298131060688,0.05303998261192831,1.127310649779773,3,2.0716898766801077,False,minimum rolling-origin RMSE
Parsimonious Ridge,DEF,0.03162277660168379,2.026296922418102,0.05303894087328791,1.1273101501902227,3,2.0716898766801077,False,minimum rolling-origin RMSE
Parsimonious Ridge,DEF,0.1,2.0262931032762737,0.05303564853136265,1.1273085718299065,3,2.0716898766801077,False,minimum rolling-origin RMSE
Parsimonious Ridge,DEF,0.31622776601683794,2.0262810552491377,0.05302525644450237,1.1273035953995938,3,2.0716898766801077,False,minimum rolling-origin RMSE
Parsimonious Ridge,DEF,1.0,2.0262432458649737,0.05299258475462522,1.1272880056755203,3,2.0716898766801077,False,minimum rolling-origin RMSE
Parsimonious Ridge,DEF,3.1622776601683795,2.0261265252020375,0.052891141838090926,1.1272416368424856,3,2.0716898766801077,False,minimum rolling-origin RMSE
Parsimonious Ridge,DEF,10.0,2.0257842045103867,0.05258802614143004,1.127113178679111,3,2.0716898766801077,False,minimum rolling-origin RMSE
Parsimonious Ridge,DEF,31.622776601683793,2.0249254202775506,0.0517779220591886,1.1268572461177053,3,2.0716898766801077,False,minimum rolling-origin RMSE
Parsimonious Ridge,DEF,100.0,2.0235682531673747,0.05014307601468882,1.1270927807627338,3,2.0716898766801077,False,minimum rolling-origin RMSE
Parsimonious Ridge,DEF,316.2277660168379,2.023429955970708,0.048259920709399606,1.1308165409224935,3,2.0716898766801077,True,minimum rolling-origin RMSE
Parsimonious Ridge,DEF,1000.0,2.0270723808707265,0.04815134747430288,1.1456679223204225,3,2.0716898766801077,False,minimum rolling-origin RMSE
Parsimonious Ridge,MID,0.001,2.0990017035110733,0.062177268792044826,1.0940069967992019,3,2.161430830749699,False,minimum rolling-origin RMSE
Parsimonious Ridge,MID,0.0031622776601683794,2.0990016989451057,0.06217729015312593,1.094007023495368,3,2.161430830749699,False,minimum rolling-origin RMSE
Parsimonious Ridge,MID,0.01,2.099001684508769,0.0621773577007024,1.0940071079178735,3,2.161430830749699,False,minimum rolling-origin RMSE
Parsimonious Ridge,MID,0.03162277660168379,2.099001638882246,0.06217757128396768,1.0940073749034278,3,2.161430830749699,False,minimum rolling-origin RMSE
Parsimonious Ridge,MID,0.1,2.099001494850257,0.062178246484361044,1.0940082193673464,3,2.161430830749699,False,minimum rolling-origin RMSE
Parsimonious Ridge,MID,0.31622776601683794,2.0990010418958307,0.06218037956581362,1.094010891609497,3,2.161430830749699,False,minimum rolling-origin RMSE
Parsimonious Ridge,MID,1.0,2.098999634589108,0.062187104137033905,1.0940193600498356,3,2.161430830749699,False,minimum rolling-origin RMSE
Parsimonious Ridge,MID,3.1622776601683795,2.098995432207556,0.06220816310662997,1.0940463184493174,3,2.161430830749699,False,minimum rolling-origin RMSE
Parsimonious Ridge,MID,10.0,2.0989845398555063,0.06227276640128462,1.094133300123195,3,2.161430830749699,False,minimum rolling-origin RMSE
Parsimonious Ridge,MID,31.622776601683793,2.098971717160468,0.06245911358923101,1.0944276153304406,3,2.161430830749699,True,minimum rolling-origin RMSE
Parsimonious Ridge,MID,100.0,2.0990925052985383,0.06291501525394279,1.095501780239656,3,2.161430830749699,False,minimum rolling-origin RMSE
Parsimonious Ridge,MID,316.2277660168379,2.1002690246775813,0.063714774750217,1.0995673825218237,3,2.161430830749699,False,minimum rolling-origin RMSE
Parsimonious Ridge,MID,1000.0,2.106246724154803,0.06466460203019934,1.113499008432189,3,2.161430830749699,False,minimum rolling-origin RMSE
Parsimonious Ridge,FWD,0.001,2.2856434101162364,0.11373959700189488,1.205439616704256,3,2.407800032411763,False,minimum rolling-origin RMSE
Parsimonious Ridge,FWD,0.0031622776601683794,2.285643244611824,0.11373977851160313,1.205439690793005,3,2.407800032411763,False,minimum rolling-origin RMSE
Parsimonious Ridge,FWD,0.01,2.285642721263475,0.1137403524816876,1.2054399251001127,3,2.407800032411763,False,minimum rolling-origin RMSE
Parsimonious Ridge,FWD,0.03162277660168379,2.285641066516225,0.11374216739437051,1.2054406662233133,3,2.407800032411763,False,minimum rolling-origin RMSE
Parsimonious Ridge,FWD,0.1,2.2856358360003646,0.11374790525191357,1.2054430116498045,3,2.407800032411763,False,minimum rolling-origin RMSE
Parsimonious Ridge,FWD,0.31622776601683794,2.285619318169136,0.11376603596783826,1.2054504463825715,3,2.407800032411763,False,minimum rolling-origin RMSE
Parsimonious Ridge,FWD,1.0,2.285567308321909,0.11382323112986471,1.2054741339812174,3,2.407800032411763,False,minimum rolling-origin RMSE
Parsimonious Ridge,FWD,3.1622776601683795,2.285405048825372,0.11400272580696816,1.2055507631528601,3,2.407800032411763,False,minimum rolling-origin RMSE
Parsimonious Ridge,FWD,10.0,2.2849131041571322,0.11455720464174367,1.2058089598777972,3,2.407800032411763,False,minimum rolling-origin RMSE
Parsimonious Ridge,FWD,31.622776601683793,2.283543617389304,0.11619528250694029,1.206761589529415,3,2.407800032411763,False,minimum rolling-origin RMSE
Parsimonious Ridge,FWD,100.0,2.280537791099537,0.12055636297288848,1.210518718175071,3,2.407800032411763,False,minimum rolling-origin RMSE
Parsimonious Ridge,FWD,316.2277660168379,2.277487467896604,0.13031256451515918,1.2242343989160942,3,2.407800032411763,True,minimum rolling-origin RMSE
Parsimonious Ridge,FWD,1000.0,2.288355464504503,0.14707246734209384,1.2631972860910066,3,2.407800032411763,False,minimum rolling-origin RMSE
Full LASSO,GK,9.999999999999999e-06,1.5053371971354341,0.1260770881196069,0.6734193554141502,3,1.6247206728306716,False,one-standard-error (largest eligible alpha)
Full LASSO,GK,2.1544346900318823e-05,1.5053317277782714,0.1260676070578931,0.6734214786835899,3,1.6247206728306716,False,one-standard-error (largest eligible alpha)
Full LASSO,GK,4.641588833612782e-05,1.5053199862475026,0.1260471577778655,0.6734260651717374,3,1.6247206728306716,False,one-standard-error (largest eligible alpha)
Full LASSO,GK,0.0001,1.5052947374293384,0.1260030802438268,0.6734359374444274,3,1.6247206728306716,False,one-standard-error (largest eligible alpha)
Full LASSO,GK,0.00021544346900318823,1.5052406260824338,0.12590807732368414,0.6734571920227893,3,1.6247206728306716,False,one-standard-error (largest eligible alpha)
Full LASSO,GK,0.00046415888336127773,1.5051256675609392,0.1257034804587237,0.6735030439287731,3,1.6247206728306716,False,one-standard-error (largest eligible alpha)
Full LASSO,GK,0.001,1.5048848678232127,0.12526251715191497,0.673601876607988,3,1.6247206728306716,False,one-standard-error (largest eligible alpha)
Full LASSO,GK,0.002154434690031882,1.504044927294938,0.12460342880443764,0.6735940857917129,3,1.6247206728306716,False,one-standard-error (largest eligible alpha)
Full LASSO,GK,0.004641588833612777,1.5019968439508293,0.12351421636349634,0.67336164919579,3,1.6247206728306716,False,one-standard-error (largest eligible alpha)
Full LASSO,GK,0.01,1.5007325646311263,0.12331233392226877,0.6742090842156069,3,1.6247206728306716,False,one-standard-error (largest eligible alpha)
Full LASSO,GK,0.021544346900318822,1.5003820067395075,0.12433866609116395,0.676984492480781,3,1.6247206728306716,False,one-standard-error (largest eligible alpha)
Full LASSO,GK,0.046415888336127774,1.500443117580155,0.12677206607345687,0.6832454369615863,3,1.6247206728306716,False,one-standard-error (largest eligible alpha)
Full LASSO,GK,0.1,1.5015434401731993,0.13082726213840598,0.6980226143183682,3,1.6247206728306716,False,one-standard-error (largest eligible alpha)
Full LASSO,GK,0.21544346900318823,1.510117714703278,0.13768834209174274,0.7327030155022173,3,1.6247206728306716,False,one-standard-error (largest eligible alpha)
Full LASSO,GK,0.46415888336127725,1.5651830690293682,0.14581415883158486,0.8165012426769054,3,1.6247206728306716,True,one-standard-error (largest eligible alpha)
Full LASSO,GK,1.0,1.7949993937496738,0.1451214869931847,1.0811886301300315,3,1.6247206728306716,False,one-standard-error (largest eligible alpha)
Full LASSO,DEF,9.999999999999999e-06,2.018455152306425,0.049563767656792865,1.1188931150739851,3,2.0586104281918605,False,one-standard-error (largest eligible alpha)
Full LASSO,DEF,2.1544346900318823e-05,2.018488617595764,0.04953674845398555,1.1189746474320408,3,2.0586104281918605,False,one-standard-error (largest eligible alpha)
Full LASSO,DEF,4.641588833612782e-05,2.0184835317368472,0.04953337238466243,1.1189653822239733,3,2.0586104281918605,False,one-standard-error (largest eligible alpha)
Full LASSO,DEF,0.0001,2.018473807138559,0.049523150397522184,1.118960050346544,3,2.0586104281918605,False,one-standard-error (largest eligible alpha)
Full LASSO,DEF,0.00021544346900318823,2.0184543858953425,0.04949892094235075,1.1189509088035843,3,2.0586104281918605,False,one-standard-error (largest eligible alpha)
Full LASSO,DEF,0.00046415888336127773,2.0184106811715568,0.049448544925256806,1.118925833432339,3,2.0586104281918605,False,one-standard-error (largest eligible alpha)
Full LASSO,DEF,0.001,2.018318848094711,0.04933956849437159,1.1188716482893193,3,2.0586104281918605,False,one-standard-error (largest eligible alpha)
Full LASSO,DEF,0.002154434690031882,2.0181326763997505,0.04910256313121391,1.1187548976961905,3,2.0586104281918605,False,one-standard-error (largest eligible alpha)
Full LASSO,DEF,0.004641588833612777,2.017785597373385,0.048581766955359006,1.1185138014242442,3,2.0586104281918605,False,one-standard-error (largest eligible alpha)
Full LASSO,DEF,0.01,2.0170078476128794,0.04763221416605562,1.1183000679363866,3,2.0586104281918605,False,one-standard-error (largest eligible alpha)
Full LASSO,DEF,0.021544346900318822,2.015391248362073,0.04638605556668937,1.118488335129913,3,2.0586104281918605,False,one-standard-error (largest eligible alpha)
Full LASSO,DEF,0.046415888336127774,2.0137311245026788,0.0455048392223965,1.1215825851203285,3,2.0586104281918605,False,one-standard-error (largest eligible alpha)
Full LASSO,DEF,0.1,2.0129132229253535,0.04569720526650679,1.1318080156104104,3,2.0586104281918605,False,one-standard-error (largest eligible alpha)
Full LASSO,DEF,0.21544346900318823,2.0189009578129533,0.046699577250537694,1.1556810123547188,3,2.0586104281918605,False,one-standard-error (largest eligible alpha)
Full LASSO,DEF,0.46415888336127725,2.0559762095959764,0.048584626272667575,1.2192822511983923,3,2.0586104281918605,True,one-standard-error (largest eligible alpha)
Full LASSO,DEF,1.0,2.226303736773264,0.053120199900961666,1.3895382456614656,3,2.0586104281918605,False,one-standard-error (largest eligible alpha)
Full LASSO,MID,9.999999999999999e-06,2.092104350832727,0.06320439215957968,1.090083547445781,3,2.1552999156793704,False,one-standard-error (largest eligible alpha)
Full LASSO,MID,2.1544346900318823e-05,2.092056539162346,0.06324482917777577,1.0900420101423933,3,2.1552999156793704,False,one-standard-error (largest eligible alpha)
Full LASSO,MID,4.641588833612782e-05,2.0920344368588224,0.0632654788205482,1.0900252137757473,3,2.1552999156793704,False,one-standard-error (largest eligible alpha)
Full LASSO,MID,0.0001,2.092036500444845,0.06326853276515457,1.0900380733469952,3,2.1552999156793704,False,one-standard-error (largest eligible alpha)
Full LASSO,MID,0.00021544346900318823,2.092042371012803,0.0632750012864592,1.0900638808281569,3,2.1552999156793704,False,one-standard-error (largest eligible alpha)
Full LASSO,MID,0.00046415888336127773,2.0920550022191544,0.06328897439553963,1.0901194134940406,3,2.1552999156793704,False,one-standard-error (largest eligible alpha)
Full LASSO,MID,0.001,2.0920787055689587,0.06332208138031833,1.0902367091444571,3,2.1552999156793704,False,one-standard-error (largest eligible alpha)
Full LASSO,MID,0.002154434690031882,2.092134405374004,0.06339023993306613,1.090494405784672,3,2.1552999156793704,False,one-standard-error (largest eligible alpha)
Full LASSO,MID,0.004641588833612777,2.092257881157451,0.06353704428424226,1.0910497091230218,3,2.1552999156793704,False,one-standard-error (largest eligible alpha)
Full LASSO,MID,0.01,2.092539626047216,0.0638535598336259,1.0922462280728975,3,2.1552999156793704,False,one-standard-error (largest eligible alpha)
Full LASSO,MID,0.021544346900318822,2.093218989132323,0.06453674199354553,1.0948305442438877,3,2.1552999156793704,False,one-standard-error (largest eligible alpha)
Full LASSO,MID,0.046415888336127774,2.0950187804003453,0.06601250526641277,1.1005347321792955,3,2.1552999156793704,False,one-standard-error (largest eligible alpha)
Full LASSO,MID,0.1,2.1004522009650626,0.0691948989615266,1.1133313612009195,3,2.1552999156793704,False,one-standard-error (largest eligible alpha)
Full LASSO,MID,0.21544346900318823,2.1154308094608836,0.07399737101745643,1.1413586641501725,3,2.1552999156793704,True,one-standard-error (largest eligible alpha)
Full LASSO,MID,0.46415888336127725,2.1689986250126156,0.08340418570310047,1.2088535635378008,3,2.1552999156793704,False,one-standard-error (largest eligible alpha)
Full LASSO,MID,1.0,2.3696374741849353,0.09943256650593049,1.4173045654738126,3,2.1552999156793704,False,one-standard-error (largest eligible alpha)
Full LASSO,FWD,9.999999999999999e-06,2.26186221897096,0.1018233522268304,1.1870052785228629,3,2.3636986985995296,False,one-standard-error (largest eligible alpha)
Full LASSO,FWD,2.1544346900318823e-05,2.261861095792574,0.10182781828550311,1.187012348745717,3,2.3636986985995296,False,one-standard-error (largest eligible alpha)
Full LASSO,FWD,4.641588833612782e-05,2.261860455794096,0.10183824280543406,1.187017282704723,3,2.3636986985995296,False,one-standard-error (largest eligible alpha)
Full LASSO,FWD,0.0001,2.261860526639056,0.10185925446415443,1.1870301066719093,3,2.3636986985995296,False,one-standard-error (largest eligible alpha)
Full LASSO,FWD,0.00021544346900318823,2.261860766435069,0.10190450325816128,1.187057739939781,3,2.3636986985995296,False,one-standard-error (largest eligible alpha)
Full LASSO,FWD,0.00046415888336127773,2.261861673406204,0.10200185499984833,1.1871172892630013,3,2.3636986985995296,False,one-standard-error (largest eligible alpha)
Full LASSO,FWD,0.001,2.2618654372633564,0.10221103569928669,1.187245789194664,3,2.3636986985995296,False,one-standard-error (largest eligible alpha)
Full LASSO,FWD,0.002154434690031882,2.261881512110733,0.10265913427921376,1.1875225714166293,3,2.3636986985995296,False,one-standard-error (largest eligible alpha)
Full LASSO,FWD,0.004641588833612777,2.261954438782247,0.10361323461443725,1.18816213716431,3,2.3636986985995296,False,one-standard-error (largest eligible alpha)
Full LASSO,FWD,0.01,2.2627386025185046,0.10516419331124037,1.1901257737862532,3,2.3636986985995296,False,one-standard-error (largest eligible alpha)
Full LASSO,FWD,0.021544346900318822,2.2640229247655568,0.10787372795941401,1.1940769415458676,3,2.3636986985995296,False,one-standard-error (largest eligible alpha)
Full LASSO,FWD,0.046415888336127774,2.264297493459716,0.11238393373916288,1.200879808772705,3,2.3636986985995296,False,one-standard-error (largest eligible alpha)
Full LASSO,FWD,0.1,2.265845279218503,0.12180873932466174,1.2159529598484042,3,2.3636986985995296,False,one-standard-error (largest eligible alpha)
Full LASSO,FWD,0.21544346900318823,2.2754672703367236,0.14151440780870397,1.249156569327824,3,2.3636986985995296,False,one-standard-error (largest eligible alpha)
Full LASSO,FWD,0.46415888336127725,2.3096262685361224,0.1707095219450781,1.3139147252038308,3,2.3636986985995296,True,one-standard-error (largest eligible alpha)
Full LASSO,FWD,1.0,2.490604367207205,0.2099091565558644,1.5013654767067466,3,2.3636986985995296,False,one-standard-error (largest eligible alpha)
